country_name,year,v2xel_frefair
Mexico,1789,0
Mexico,1790,0
Mexico,1791,0
Mexico,1792,0
Mexico,1793,0
Mexico,1794,0
Mexico,1795,0
Mexico,1796,0
Mexico,1797,0
Mexico,1798,0
Mexico,1799,0
Mexico,1800,0
Mexico,1801,0
Mexico,1802,0
Mexico,1803,0
Mexico,1804,0
Mexico,1805,0
Mexico,1806,0
Mexico,1807,0
Mexico,1808,0
Mexico,1809,0
Mexico,1810,0
Mexico,1811,0
Mexico,1812,0
Mexico,1813,0
Mexico,1814,0
Mexico,1815,0
Mexico,1816,0
Mexico,1817,0
Mexico,1818,0
Mexico,1819,0
Mexico,1820,0
Mexico,1821,0
Mexico,1822,0
Mexico,1823,0
Mexico,1824,0
Mexico,1825,0
Mexico,1826,0
Mexico,1827,0
Mexico,1828,0
Mexico,1829,0
Mexico,1830,0
Mexico,1831,0
Mexico,1832,0
Mexico,1833,0
Mexico,1834,0
Mexico,1835,0
Mexico,1836,0
Mexico,1837,0
Mexico,1838,0
Mexico,1839,0
Mexico,1840,0
Mexico,1841,0
Mexico,1842,0.177
Mexico,1843,0.243
Mexico,1844,0.243
Mexico,1845,0.243
Mexico,1846,0.243
Mexico,1847,0.243
Mexico,1848,0.243
Mexico,1849,0.243
Mexico,1850,0.243
Mexico,1851,0.243
Mexico,1852,0.243
Mexico,1853,0.243
Mexico,1854,0.243
Mexico,1855,0.243
Mexico,1856,0.243
Mexico,1857,0.243
Mexico,1858,0.013
Mexico,1859,0
Mexico,1860,0
Mexico,1861,0
Mexico,1862,0
Mexico,1863,0
Mexico,1864,0
Mexico,1865,0
Mexico,1866,0
Mexico,1867,0
Mexico,1868,0
Mexico,1869,0
Mexico,1870,0
Mexico,1871,0
Mexico,1872,0
Mexico,1873,0
Mexico,1874,0
Mexico,1875,0
Mexico,1876,0
Mexico,1877,0
Mexico,1878,0
Mexico,1879,0
Mexico,1880,0
Mexico,1881,0
Mexico,1882,0
Mexico,1883,0
Mexico,1884,0
Mexico,1885,0
Mexico,1886,0
Mexico,1887,0
Mexico,1888,0
Mexico,1889,0
Mexico,1890,0
Mexico,1891,0
Mexico,1892,0
Mexico,1893,0
Mexico,1894,0
Mexico,1895,0
Mexico,1896,0
Mexico,1897,0
Mexico,1898,0
Mexico,1899,0
Mexico,1900,0
Mexico,1901,0
Mexico,1902,0
Mexico,1903,0
Mexico,1904,0
Mexico,1905,0
Mexico,1906,0
Mexico,1907,0
Mexico,1908,0
Mexico,1909,0
Mexico,1910,0
Mexico,1911,0
Mexico,1912,0
Mexico,1913,0
Mexico,1914,0
Mexico,1915,0
Mexico,1916,0
Mexico,1917,0.22
Mexico,1918,0.276
Mexico,1919,0.285
Mexico,1920,0.146
Mexico,1921,0.086
Mexico,1922,0.086
Mexico,1923,0.086
Mexico,1924,0.071
Mexico,1925,0.055
Mexico,1926,0.055
Mexico,1927,0.055
Mexico,1928,0.057
Mexico,1929,0.051
Mexico,1930,0.054
Mexico,1931,0.054
Mexico,1932,0.054
Mexico,1933,0.054
Mexico,1934,0.05
Mexico,1935,0.047
Mexico,1936,0.047
Mexico,1937,0.047
Mexico,1938,0.047
Mexico,1939,0.047
Mexico,1940,0.045
Mexico,1941,0.044
Mexico,1942,0.044
Mexico,1943,0.045
Mexico,1944,0.05
Mexico,1945,0.05
Mexico,1946,0.066
Mexico,1947,0.076
Mexico,1948,0.076
Mexico,1949,0.082
Mexico,1950,0.087
Mexico,1951,0.087
Mexico,1952,0.087
Mexico,1953,0.088
Mexico,1954,0.088
Mexico,1955,0.092
Mexico,1956,0.098
Mexico,1957,0.098
Mexico,1958,0.098
Mexico,1959,0.098
Mexico,1960,0.098
Mexico,1961,0.098
Mexico,1962,0.098
Mexico,1963,0.098
Mexico,1964,0.1
Mexico,1965,0.101
Mexico,1966,0.101
Mexico,1967,0.117
Mexico,1968,0.133
Mexico,1969,0.133
Mexico,1970,0.119
Mexico,1971,0.105
Mexico,1972,0.105
Mexico,1973,0.105
Mexico,1974,0.115
Mexico,1975,0.115
Mexico,1976,0.131
Mexico,1977,0.148
Mexico,1978,0.149
Mexico,1979,0.146
Mexico,1980,0.143
Mexico,1981,0.143
Mexico,1982,0.177
Mexico,1983,0.202
Mexico,1984,0.202
Mexico,1985,0.209
Mexico,1986,0.216
Mexico,1987,0.216
Mexico,1988,0.25
Mexico,1989,0.284
Mexico,1990,0.358
Mexico,1991,0.413
Mexico,1992,0.507
Mexico,1993,0.517
Mexico,1994,0.531
Mexico,1995,0.555
Mexico,1996,0.625
Mexico,1997,0.731
Mexico,1998,0.798
Mexico,1999,0.798
Mexico,2000,0.819
Mexico,2001,0.826
Mexico,2002,0.826
Mexico,2003,0.847
Mexico,2004,0.869
Mexico,2005,0.869
Mexico,2006,0.788
Mexico,2007,0.718
Mexico,2008,0.73
Mexico,2009,0.747
Mexico,2010,0.76
Mexico,2011,0.76
Mexico,2012,0.739
Mexico,2013,0.73
Mexico,2014,0.74
Mexico,2015,0.731
Mexico,2016,0.727
Mexico,2017,0.739
Mexico,2018,0.774
Mexico,2019,0.799
Mexico,2020,0.803
Mexico,2021,0.761
Mexico,2022,0.711
Mexico,2023,0.673
Colombia,1789,0
Colombia,1790,0
Colombia,1791,0
Colombia,1792,0
Colombia,1793,0
Colombia,1794,0
Colombia,1795,0
Colombia,1796,0
Colombia,1797,0
Colombia,1798,0
Colombia,1799,0
Colombia,1800,0
Colombia,1801,0
Colombia,1802,0
Colombia,1803,0
Colombia,1804,0
Colombia,1805,0
Colombia,1806,0
Colombia,1807,0
Colombia,1808,0
Colombia,1809,0
Colombia,1810,0
Colombia,1811,0
Colombia,1812,0
Colombia,1813,0
Colombia,1814,0
Colombia,1815,0
Colombia,1816,0
Colombia,1817,0
Colombia,1818,0
Colombia,1819,0
Colombia,1820,0
Colombia,1821,0.169
Colombia,1822,0.252
Colombia,1823,0.252
Colombia,1824,0.252
Colombia,1825,0.252
Colombia,1826,0.252
Colombia,1827,0.252
Colombia,1828,0.252
Colombia,1829,0.252
Colombia,1830,0.252
Colombia,1831,0.252
Colombia,1832,0.252
Colombia,1833,0.224
Colombia,1834,0.224
Colombia,1835,0.224
Colombia,1836,0.224
Colombia,1837,0.224
Colombia,1838,0.224
Colombia,1839,0.224
Colombia,1840,0.224
Colombia,1841,0.224
Colombia,1842,0.224
Colombia,1843,0.285
Colombia,1844,0.285
Colombia,1845,0.285
Colombia,1846,0.285
Colombia,1847,0.285
Colombia,1848,0.343
Colombia,1849,0.343
Colombia,1850,0.343
Colombia,1851,0.343
Colombia,1852,0.343
Colombia,1853,0.064
Colombia,1854,0
Colombia,1855,0.177
Colombia,1856,0.177
Colombia,1857,0.24
Colombia,1858,0.24
Colombia,1859,0.173
Colombia,1860,0.175
Colombia,1861,0.043
Colombia,1862,0
Colombia,1863,0.084
Colombia,1864,0.069
Colombia,1865,0.069
Colombia,1866,0.075
Colombia,1867,0.029
Colombia,1868,0
Colombia,1869,0.075
Colombia,1870,0.074
Colombia,1871,0.074
Colombia,1872,0.075
Colombia,1873,0.1
Colombia,1874,0.132
Colombia,1875,0.132
Colombia,1876,0.119
Colombia,1877,0.119
Colombia,1878,0.166
Colombia,1879,0.166
Colombia,1880,0.171
Colombia,1881,0.171
Colombia,1882,0.171
Colombia,1883,0.171
Colombia,1884,0.17
Colombia,1885,0.17
Colombia,1886,0.146
Colombia,1887,0.201
Colombia,1888,0.201
Colombia,1889,0.201
Colombia,1890,0.201
Colombia,1891,0.201
Colombia,1892,0.197
Colombia,1893,0.197
Colombia,1894,0.197
Colombia,1895,0.197
Colombia,1896,0.199
Colombia,1897,0.2
Colombia,1898,0.203
Colombia,1899,0.203
Colombia,1900,0.203
Colombia,1901,0.203
Colombia,1902,0.203
Colombia,1903,0.203
Colombia,1904,0.203
Colombia,1905,0.163
Colombia,1906,0.163
Colombia,1907,0.163
Colombia,1908,0.163
Colombia,1909,0.163
Colombia,1910,0.412
Colombia,1911,0.498
Colombia,1912,0.498
Colombia,1913,0.498
Colombia,1914,0.294
Colombia,1915,0.269
Colombia,1916,0.269
Colombia,1917,0.269
Colombia,1918,0.257
Colombia,1919,0.255
Colombia,1920,0.255
Colombia,1921,0.255
Colombia,1922,0.227
Colombia,1923,0.224
Colombia,1924,0.224
Colombia,1925,0.224
Colombia,1926,0.198
Colombia,1927,0.194
Colombia,1928,0.194
Colombia,1929,0.194
Colombia,1930,0.223
Colombia,1931,0.223
Colombia,1932,0.221
Colombia,1933,0.228
Colombia,1934,0.21
Colombia,1935,0.211
Colombia,1936,0.212
Colombia,1937,0.215
Colombia,1938,0.215
Colombia,1939,0.222
Colombia,1940,0.223
Colombia,1941,0.199
Colombia,1942,0.189
Colombia,1943,0.185
Colombia,1944,0.185
Colombia,1945,0.182
Colombia,1946,0.165
Colombia,1947,0.137
Colombia,1948,0.138
Colombia,1949,0.119
Colombia,1950,0.115
Colombia,1951,0.115
Colombia,1952,0.117
Colombia,1953,0.131
Colombia,1954,0.134
Colombia,1955,0.134
Colombia,1956,0.134
Colombia,1957,0.134
Colombia,1958,0.344
Colombia,1959,0.42
Colombia,1960,0.473
Colombia,1961,0.488
Colombia,1962,0.482
Colombia,1963,0.48
Colombia,1964,0.486
Colombia,1965,0.487
Colombia,1966,0.483
Colombia,1967,0.481
Colombia,1968,0.476
Colombia,1969,0.474
Colombia,1970,0.435
Colombia,1971,0.403
Colombia,1972,0.403
Colombia,1973,0.403
Colombia,1974,0.493
Colombia,1975,0.533
Colombia,1976,0.533
Colombia,1977,0.533
Colombia,1978,0.567
Colombia,1979,0.578
Colombia,1980,0.583
Colombia,1981,0.583
Colombia,1982,0.557
Colombia,1983,0.551
Colombia,1984,0.551
Colombia,1985,0.551
Colombia,1986,0.548
Colombia,1987,0.551
Colombia,1988,0.551
Colombia,1989,0.551
Colombia,1990,0.563
Colombia,1991,0.601
Colombia,1992,0.587
Colombia,1993,0.587
Colombia,1994,0.579
Colombia,1995,0.586
Colombia,1996,0.586
Colombia,1997,0.586
Colombia,1998,0.574
Colombia,1999,0.571
Colombia,2000,0.571
Colombia,2001,0.571
Colombia,2002,0.537
Colombia,2003,0.531
Colombia,2004,0.531
Colombia,2005,0.531
Colombia,2006,0.584
Colombia,2007,0.598
Colombia,2008,0.598
Colombia,2009,0.598
Colombia,2010,0.633
Colombia,2011,0.643
Colombia,2012,0.643
Colombia,2013,0.643
Colombia,2014,0.668
Colombia,2015,0.674
Colombia,2016,0.664
Colombia,2017,0.666
Colombia,2018,0.737
Colombia,2019,0.751
Colombia,2020,0.748
Colombia,2021,0.748
Colombia,2022,0.75
Colombia,2023,0.737
Brazil,1789,0
Brazil,1790,0
Brazil,1791,0
Brazil,1792,0
Brazil,1793,0
Brazil,1794,0
Brazil,1795,0
Brazil,1796,0
Brazil,1797,0
Brazil,1798,0
Brazil,1799,0
Brazil,1800,0
Brazil,1801,0
Brazil,1802,0
Brazil,1803,0
Brazil,1804,0
Brazil,1805,0
Brazil,1806,0
Brazil,1807,0
Brazil,1808,0
Brazil,1809,0
Brazil,1810,0
Brazil,1811,0
Brazil,1812,0
Brazil,1813,0
Brazil,1814,0
Brazil,1815,0
Brazil,1816,0
Brazil,1817,0
Brazil,1818,0
Brazil,1819,0
Brazil,1820,0
Brazil,1821,0
Brazil,1822,0
Brazil,1823,0
Brazil,1824,NA
Brazil,1825,NA
Brazil,1826,0.675
Brazil,1827,0.675
Brazil,1828,0.675
Brazil,1829,0.675
Brazil,1830,0.674
Brazil,1831,0.674
Brazil,1832,0.674
Brazil,1833,0.674
Brazil,1834,0.46
Brazil,1835,0.46
Brazil,1836,0.46
Brazil,1837,0.46
Brazil,1838,0.456
Brazil,1839,0.456
Brazil,1840,0.456
Brazil,1841,0.456
Brazil,1842,0.203
Brazil,1843,0.203
Brazil,1844,0.203
Brazil,1845,0.087
Brazil,1846,0.087
Brazil,1847,0.087
Brazil,1848,0.199
Brazil,1849,0.199
Brazil,1850,0.199
Brazil,1851,0.199
Brazil,1852,0.199
Brazil,1853,0.202
Brazil,1854,0.202
Brazil,1855,0.202
Brazil,1856,0.202
Brazil,1857,0.202
Brazil,1858,0.202
Brazil,1859,0.202
Brazil,1860,0.202
Brazil,1861,0.638
Brazil,1862,0.638
Brazil,1863,0.638
Brazil,1864,0.086
Brazil,1865,0.086
Brazil,1866,0.086
Brazil,1867,0.089
Brazil,1868,0.089
Brazil,1869,0.111
Brazil,1870,0.111
Brazil,1871,0.111
Brazil,1872,0.103
Brazil,1873,0.103
Brazil,1874,0.103
Brazil,1875,0.103
Brazil,1876,0.109
Brazil,1877,0.109
Brazil,1878,0.087
Brazil,1879,0.087
Brazil,1880,0.087
Brazil,1881,0.179
Brazil,1882,0.179
Brazil,1883,0.179
Brazil,1884,0.179
Brazil,1885,0.177
Brazil,1886,0.177
Brazil,1887,0.177
Brazil,1888,0.177
Brazil,1889,0.177
Brazil,1890,0.221
Brazil,1891,0.248
Brazil,1892,0.205
Brazil,1893,0.205
Brazil,1894,0.148
Brazil,1895,0.137
Brazil,1896,0.118
Brazil,1897,0.137
Brazil,1898,0.137
Brazil,1899,0.137
Brazil,1900,0.137
Brazil,1901,0.137
Brazil,1902,0.096
Brazil,1903,0.088
Brazil,1904,0.088
Brazil,1905,0.088
Brazil,1906,0.085
Brazil,1907,0.084
Brazil,1908,0.084
Brazil,1909,0.085
Brazil,1910,0.078
Brazil,1911,0.088
Brazil,1912,0.088
Brazil,1913,0.088
Brazil,1914,0.086
Brazil,1915,0.086
Brazil,1916,0.086
Brazil,1917,0.086
Brazil,1918,0.085
Brazil,1919,0.086
Brazil,1920,0.086
Brazil,1921,0.086
Brazil,1922,0.086
Brazil,1923,0.087
Brazil,1924,0.087
Brazil,1925,0.087
Brazil,1926,0.088
Brazil,1927,0.088
Brazil,1928,0.088
Brazil,1929,0.088
Brazil,1930,0.094
Brazil,1931,0
Brazil,1932,0
Brazil,1933,0.286
Brazil,1934,0
Brazil,1935,0
Brazil,1936,0
Brazil,1937,0
Brazil,1938,0
Brazil,1939,0
Brazil,1940,0
Brazil,1941,0
Brazil,1942,0
Brazil,1943,0
Brazil,1944,0
Brazil,1945,0.05
Brazil,1946,0.616
Brazil,1947,0.616
Brazil,1948,0.616
Brazil,1949,0.616
Brazil,1950,0.61
Brazil,1951,0.591
Brazil,1952,0.591
Brazil,1953,0.591
Brazil,1954,0.593
Brazil,1955,0.596
Brazil,1956,0.587
Brazil,1957,0.587
Brazil,1958,0.59
Brazil,1959,0.598
Brazil,1960,0.595
Brazil,1961,0.586
Brazil,1962,0.583
Brazil,1963,0.572
Brazil,1964,0.153
Brazil,1965,0
Brazil,1966,0.041
Brazil,1967,0.32
Brazil,1968,0.32
Brazil,1969,0.32
Brazil,1970,0.319
Brazil,1971,0.309
Brazil,1972,0.309
Brazil,1973,0.309
Brazil,1974,0.311
Brazil,1975,0.325
Brazil,1976,0.325
Brazil,1977,0.325
Brazil,1978,0.326
Brazil,1979,0.327
Brazil,1980,0.327
Brazil,1981,0.327
Brazil,1982,0.34
Brazil,1983,0.432
Brazil,1984,0.432
Brazil,1985,0.466
Brazil,1986,0.53
Brazil,1987,0.693
Brazil,1988,0.712
Brazil,1989,0.749
Brazil,1990,0.864
Brazil,1991,0.887
Brazil,1992,0.887
Brazil,1993,0.887
Brazil,1994,0.889
Brazil,1995,0.895
Brazil,1996,0.897
Brazil,1997,0.897
Brazil,1998,0.898
Brazil,1999,0.902
Brazil,2000,0.906
Brazil,2001,0.906
Brazil,2002,0.907
Brazil,2003,0.912
Brazil,2004,0.912
Brazil,2005,0.927
Brazil,2006,0.927
Brazil,2007,0.927
Brazil,2008,0.927
Brazil,2009,0.927
Brazil,2010,0.929
Brazil,2011,0.934
Brazil,2012,0.934
Brazil,2013,0.937
Brazil,2014,0.936
Brazil,2015,0.926
Brazil,2016,0.92
Brazil,2017,0.913
Brazil,2018,0.896
Brazil,2019,0.846
Brazil,2020,0.871
Brazil,2021,0.879
Brazil,2022,0.877
Brazil,2023,0.837
El Salvador,1838,0
El Salvador,1839,0
El Salvador,1840,0
El Salvador,1841,0
El Salvador,1842,NA
El Salvador,1843,NA
El Salvador,1844,NA
El Salvador,1845,0
El Salvador,1846,0
El Salvador,1847,NA
El Salvador,1848,0
El Salvador,1849,0
El Salvador,1850,NA
El Salvador,1851,0
El Salvador,1852,0
El Salvador,1853,NA
El Salvador,1854,NA
El Salvador,1855,NA
El Salvador,1856,NA
El Salvador,1857,NA
El Salvador,1858,0
El Salvador,1859,0
El Salvador,1860,NA
El Salvador,1861,NA
El Salvador,1862,NA
El Salvador,1863,0
El Salvador,1864,0
El Salvador,1865,0
El Salvador,1866,0
El Salvador,1867,0
El Salvador,1868,0
El Salvador,1869,0
El Salvador,1870,NA
El Salvador,1871,0
El Salvador,1872,NA
El Salvador,1873,NA
El Salvador,1874,NA
El Salvador,1875,NA
El Salvador,1876,0
El Salvador,1877,NA
El Salvador,1878,NA
El Salvador,1879,NA
El Salvador,1880,NA
El Salvador,1881,NA
El Salvador,1882,NA
El Salvador,1883,NA
El Salvador,1884,NA
El Salvador,1885,0
El Salvador,1886,NA
El Salvador,1887,NA
El Salvador,1888,NA
El Salvador,1889,NA
El Salvador,1890,0
El Salvador,1891,0
El Salvador,1892,NA
El Salvador,1893,NA
El Salvador,1894,NA
El Salvador,1895,NA
El Salvador,1896,NA
El Salvador,1897,NA
El Salvador,1898,NA
El Salvador,1899,NA
El Salvador,1900,NA
El Salvador,1901,NA
El Salvador,1902,NA
El Salvador,1903,0.028
El Salvador,1904,0.028
El Salvador,1905,0.028
El Salvador,1906,0.028
El Salvador,1907,0.033
El Salvador,1908,0.033
El Salvador,1909,0.033
El Salvador,1910,0.033
El Salvador,1911,0.034
El Salvador,1912,0.035
El Salvador,1913,0.035
El Salvador,1914,0.035
El Salvador,1915,0.113
El Salvador,1916,0.116
El Salvador,1917,0.116
El Salvador,1918,0.116
El Salvador,1919,0.044
El Salvador,1920,0.041
El Salvador,1921,0.041
El Salvador,1922,0.041
El Salvador,1923,0.032
El Salvador,1924,0.032
El Salvador,1925,0.032
El Salvador,1926,0.032
El Salvador,1927,0.05
El Salvador,1928,0.049
El Salvador,1929,0.049
El Salvador,1930,0.049
El Salvador,1931,0.057
El Salvador,1932,0.047
El Salvador,1933,0.047
El Salvador,1934,0.047
El Salvador,1935,0.037
El Salvador,1936,0.037
El Salvador,1937,0.037
El Salvador,1938,0.037
El Salvador,1939,0.038
El Salvador,1940,0.038
El Salvador,1941,0.038
El Salvador,1942,0.038
El Salvador,1943,0.038
El Salvador,1944,0.034
El Salvador,1945,0.035
El Salvador,1946,0.036
El Salvador,1947,0.036
El Salvador,1948,0.035
El Salvador,1949,0
El Salvador,1950,0.042
El Salvador,1951,0.055
El Salvador,1952,0.043
El Salvador,1953,0.041
El Salvador,1954,0.04
El Salvador,1955,0.04
El Salvador,1956,0.041
El Salvador,1957,0.041
El Salvador,1958,0.044
El Salvador,1959,0.045
El Salvador,1960,0.042
El Salvador,1961,0.002
El Salvador,1962,0.058
El Salvador,1963,0.057
El Salvador,1964,0.06
El Salvador,1965,0.061
El Salvador,1966,0.064
El Salvador,1967,0.065
El Salvador,1968,0.065
El Salvador,1969,0.066
El Salvador,1970,0.063
El Salvador,1971,0.063
El Salvador,1972,0.06
El Salvador,1973,0.059
El Salvador,1974,0.058
El Salvador,1975,0.058
El Salvador,1976,0.049
El Salvador,1977,0.056
El Salvador,1978,0.057
El Salvador,1979,0.045
El Salvador,1980,0
El Salvador,1981,0
El Salvador,1982,0.005
El Salvador,1983,0
El Salvador,1984,0.074
El Salvador,1985,0.101
El Salvador,1986,0.102
El Salvador,1987,0.102
El Salvador,1988,0.112
El Salvador,1989,0.121
El Salvador,1990,0.126
El Salvador,1991,0.171
El Salvador,1992,0.21
El Salvador,1993,0.21
El Salvador,1994,0.407
El Salvador,1995,0.432
El Salvador,1996,0.435
El Salvador,1997,0.436
El Salvador,1998,0.437
El Salvador,1999,0.452
El Salvador,2000,0.46
El Salvador,2001,0.461
El Salvador,2002,0.487
El Salvador,2003,0.48
El Salvador,2004,0.478
El Salvador,2005,0.479
El Salvador,2006,0.517
El Salvador,2007,0.527
El Salvador,2008,0.527
El Salvador,2009,0.54
El Salvador,2010,0.546
El Salvador,2011,0.546
El Salvador,2012,0.565
El Salvador,2013,0.576
El Salvador,2014,0.655
El Salvador,2015,0.643
El Salvador,2016,0.639
El Salvador,2017,0.64
El Salvador,2018,0.641
El Salvador,2019,0.651
El Salvador,2020,0.64
El Salvador,2021,0.486
El Salvador,2022,0.434
El Salvador,2023,0.434
Bolivia,1825,0.119
Bolivia,1826,0.285
Bolivia,1827,0.285
Bolivia,1828,0.285
Bolivia,1829,0.285
Bolivia,1830,0.285
Bolivia,1831,0.285
Bolivia,1832,0.285
Bolivia,1833,0.285
Bolivia,1834,0.285
Bolivia,1835,0.179
Bolivia,1836,0.179
Bolivia,1837,0.179
Bolivia,1838,0.179
Bolivia,1839,0.179
Bolivia,1840,0.178
Bolivia,1841,0.178
Bolivia,1842,0.171
Bolivia,1843,0.171
Bolivia,1844,0.176
Bolivia,1845,0.176
Bolivia,1846,0.177
Bolivia,1847,0.177
Bolivia,1848,0.177
Bolivia,1849,0.177
Bolivia,1850,0.177
Bolivia,1851,0.177
Bolivia,1852,0.177
Bolivia,1853,0.177
Bolivia,1854,0.177
Bolivia,1855,0.18
Bolivia,1856,0.18
Bolivia,1857,0.145
Bolivia,1858,0
Bolivia,1859,0
Bolivia,1860,0
Bolivia,1861,0
Bolivia,1862,0.177
Bolivia,1863,0.177
Bolivia,1864,0.175
Bolivia,1865,0
Bolivia,1866,0
Bolivia,1867,0
Bolivia,1868,0
Bolivia,1869,0
Bolivia,1870,0.183
Bolivia,1871,0.183
Bolivia,1872,0.183
Bolivia,1873,0.183
Bolivia,1874,0.022
Bolivia,1875,0
Bolivia,1876,0
Bolivia,1877,0
Bolivia,1878,0
Bolivia,1879,0
Bolivia,1880,0
Bolivia,1881,0
Bolivia,1882,0.178
Bolivia,1883,0.178
Bolivia,1884,0.169
Bolivia,1885,0.151
Bolivia,1886,0.173
Bolivia,1887,0.173
Bolivia,1888,0.177
Bolivia,1889,0.177
Bolivia,1890,0.177
Bolivia,1891,0.177
Bolivia,1892,0.176
Bolivia,1893,0.176
Bolivia,1894,0.178
Bolivia,1895,0.178
Bolivia,1896,0.146
Bolivia,1897,0.146
Bolivia,1898,0.148
Bolivia,1899,0.116
Bolivia,1900,0.099
Bolivia,1901,0.084
Bolivia,1902,0.085
Bolivia,1903,0.085
Bolivia,1904,0.086
Bolivia,1905,0.086
Bolivia,1906,0.086
Bolivia,1907,0.086
Bolivia,1908,0.085
Bolivia,1909,0.085
Bolivia,1910,0.085
Bolivia,1911,0.085
Bolivia,1912,0.085
Bolivia,1913,0.086
Bolivia,1914,0.086
Bolivia,1915,0.086
Bolivia,1916,0.084
Bolivia,1917,0.085
Bolivia,1918,0.087
Bolivia,1919,0.087
Bolivia,1920,0.057
Bolivia,1921,0.101
Bolivia,1922,0.101
Bolivia,1923,0.101
Bolivia,1924,0.101
Bolivia,1925,0.101
Bolivia,1926,0.102
Bolivia,1927,0.097
Bolivia,1928,0.095
Bolivia,1929,0.095
Bolivia,1930,0.046
Bolivia,1931,0.143
Bolivia,1932,0.145
Bolivia,1933,0.112
Bolivia,1934,0.088
Bolivia,1935,0
Bolivia,1936,0
Bolivia,1937,0
Bolivia,1938,0.075
Bolivia,1939,0.094
Bolivia,1940,0.092
Bolivia,1941,0.091
Bolivia,1942,0.086
Bolivia,1943,0.075
Bolivia,1944,0.044
Bolivia,1945,0.087
Bolivia,1946,0.087
Bolivia,1947,0.093
Bolivia,1948,0.094
Bolivia,1949,0.094
Bolivia,1950,0.094
Bolivia,1951,0.034
Bolivia,1952,0
Bolivia,1953,0
Bolivia,1954,0
Bolivia,1955,0
Bolivia,1956,0.087
Bolivia,1957,0.162
Bolivia,1958,0.162
Bolivia,1959,0.162
Bolivia,1960,0.162
Bolivia,1961,0.162
Bolivia,1962,0.15
Bolivia,1963,0.142
Bolivia,1964,0.116
Bolivia,1965,0
Bolivia,1966,0.043
Bolivia,1967,0.086
Bolivia,1968,0.086
Bolivia,1969,0.063
Bolivia,1970,0
Bolivia,1971,0
Bolivia,1972,0
Bolivia,1973,0
Bolivia,1974,0
Bolivia,1975,0
Bolivia,1976,0
Bolivia,1977,0
Bolivia,1978,0.006
Bolivia,1979,0.11
Bolivia,1980,0.018
Bolivia,1981,0
Bolivia,1982,0
Bolivia,1983,0
Bolivia,1984,0
Bolivia,1985,0.325
Bolivia,1986,0.693
Bolivia,1987,0.693
Bolivia,1988,0.693
Bolivia,1989,0.706
Bolivia,1990,0.712
Bolivia,1991,0.771
Bolivia,1992,0.795
Bolivia,1993,0.839
Bolivia,1994,0.872
Bolivia,1995,0.872
Bolivia,1996,0.872
Bolivia,1997,0.884
Bolivia,1998,0.892
Bolivia,1999,0.892
Bolivia,2000,0.892
Bolivia,2001,0.892
Bolivia,2002,0.872
Bolivia,2003,0.838
Bolivia,2004,0.838
Bolivia,2005,0.839
Bolivia,2006,0.842
Bolivia,2007,0.831
Bolivia,2008,0.83
Bolivia,2009,0.818
Bolivia,2010,0.79
Bolivia,2011,0.79
Bolivia,2012,0.781
Bolivia,2013,0.771
Bolivia,2014,0.753
Bolivia,2015,0.702
Bolivia,2016,0.726
Bolivia,2017,0.718
Bolivia,2018,0.686
Bolivia,2019,0.605
Bolivia,2020,0.53
Bolivia,2021,0.701
Bolivia,2022,0.687
Bolivia,2023,0.682
Honduras,1838,0
Honduras,1839,0.113
Honduras,1840,0.113
Honduras,1841,0.113
Honduras,1842,0.113
Honduras,1843,0.113
Honduras,1844,0.113
Honduras,1845,0.113
Honduras,1846,0.113
Honduras,1847,0.013
Honduras,1848,0
Honduras,1849,0
Honduras,1850,0
Honduras,1851,0
Honduras,1852,0.102
Honduras,1853,0.111
Honduras,1854,0.111
Honduras,1855,0.111
Honduras,1856,0.109
Honduras,1857,0.109
Honduras,1858,0.109
Honduras,1859,0.109
Honduras,1860,0.109
Honduras,1861,0.109
Honduras,1862,0.109
Honduras,1863,0.109
Honduras,1864,0.111
Honduras,1865,0.112
Honduras,1866,0.113
Honduras,1867,0.113
Honduras,1868,0.113
Honduras,1869,0.115
Honduras,1870,0.118
Honduras,1871,0.118
Honduras,1872,0.067
Honduras,1873,0
Honduras,1874,0.086
Honduras,1875,0.114
Honduras,1876,0.114
Honduras,1877,0.114
Honduras,1878,0.114
Honduras,1879,0.114
Honduras,1880,0.113
Honduras,1881,0.113
Honduras,1882,0.113
Honduras,1883,0.113
Honduras,1884,0.117
Honduras,1885,0.117
Honduras,1886,0.117
Honduras,1887,0.114
Honduras,1888,0.113
Honduras,1889,0.113
Honduras,1890,0.113
Honduras,1891,0.113
Honduras,1892,0.114
Honduras,1893,0.113
Honduras,1894,0.081
Honduras,1895,0
Honduras,1896,0
Honduras,1897,0
Honduras,1898,0.02
Honduras,1899,0.116
Honduras,1900,0.116
Honduras,1901,0.116
Honduras,1902,0.117
Honduras,1903,0.121
Honduras,1904,0.124
Honduras,1905,0.083
Honduras,1906,0.07
Honduras,1907,0.016
Honduras,1908,0
Honduras,1909,0
Honduras,1910,0
Honduras,1911,0.027
Honduras,1912,0.155
Honduras,1913,0.155
Honduras,1914,0.155
Honduras,1915,0.155
Honduras,1916,0.172
Honduras,1917,0.221
Honduras,1918,0.221
Honduras,1919,0.207
Honduras,1920,0.135
Honduras,1921,0.135
Honduras,1922,0.145
Honduras,1923,0.141
Honduras,1924,0.012
Honduras,1925,0.151
Honduras,1926,0.194
Honduras,1927,0.284
Honduras,1928,0.296
Honduras,1929,0.392
Honduras,1930,0.388
Honduras,1931,0.382
Honduras,1932,0.374
Honduras,1933,0.34
Honduras,1934,0.293
Honduras,1935,0.081
Honduras,1936,0.062
Honduras,1937,0.061
Honduras,1938,0.06
Honduras,1939,0.059
Honduras,1940,0.059
Honduras,1941,0.059
Honduras,1942,0.054
Honduras,1943,0.06
Honduras,1944,0.06
Honduras,1945,0.06
Honduras,1946,0.06
Honduras,1947,0.08
Honduras,1948,0.108
Honduras,1949,0.204
Honduras,1950,0.204
Honduras,1951,0.204
Honduras,1952,0.204
Honduras,1953,0.204
Honduras,1954,0.203
Honduras,1955,0
Honduras,1956,0.01
Honduras,1957,0.132
Honduras,1958,0
Honduras,1959,0
Honduras,1960,0
Honduras,1961,0
Honduras,1962,0
Honduras,1963,0
Honduras,1964,0
Honduras,1965,0.067
Honduras,1966,0
Honduras,1967,0
Honduras,1968,0
Honduras,1969,0
Honduras,1970,0
Honduras,1971,0.258
Honduras,1972,0.312
Honduras,1973,0
Honduras,1974,0
Honduras,1975,0
Honduras,1976,0
Honduras,1977,0
Honduras,1978,0
Honduras,1979,0
Honduras,1980,0.14
Honduras,1981,0.048
Honduras,1982,0.526
Honduras,1983,0.526
Honduras,1984,0.526
Honduras,1985,0.528
Honduras,1986,0.499
Honduras,1987,0.499
Honduras,1988,0.499
Honduras,1989,0.511
Honduras,1990,0.614
Honduras,1991,0.614
Honduras,1992,0.614
Honduras,1993,0.614
Honduras,1994,0.614
Honduras,1995,0.614
Honduras,1996,0.614
Honduras,1997,0.612
Honduras,1998,0.601
Honduras,1999,0.601
Honduras,2000,0.601
Honduras,2001,0.6
Honduras,2002,0.59
Honduras,2003,0.59
Honduras,2004,0.59
Honduras,2005,0.575
Honduras,2006,0.434
Honduras,2007,0.434
Honduras,2008,0.434
Honduras,2009,0.422
Honduras,2010,0.294
Honduras,2011,0.294
Honduras,2012,0.292
Honduras,2013,0.288
Honduras,2014,0.318
Honduras,2015,0.318
Honduras,2016,0.318
Honduras,2017,0.269
Honduras,2018,0.152
Honduras,2019,0.171
Honduras,2020,0.164
Honduras,2021,0.19
Honduras,2022,0.387
Honduras,2023,0.387
Peru,1789,0
Peru,1790,0
Peru,1791,0
Peru,1792,0
Peru,1793,0
Peru,1794,0
Peru,1795,0
Peru,1796,0
Peru,1797,0
Peru,1798,0
Peru,1799,0
Peru,1800,0
Peru,1801,0
Peru,1802,0
Peru,1803,0
Peru,1804,0
Peru,1805,0
Peru,1806,0
Peru,1807,0
Peru,1808,0
Peru,1809,0
Peru,1810,0
Peru,1811,0
Peru,1812,0
Peru,1813,0
Peru,1814,0
Peru,1815,0
Peru,1816,0
Peru,1817,0
Peru,1818,0
Peru,1819,0
Peru,1820,0
Peru,1821,0
Peru,1822,0.141
Peru,1823,0.205
Peru,1824,0.205
Peru,1825,0.251
Peru,1826,0.048
Peru,1827,0.114
Peru,1828,0.114
Peru,1829,0.114
Peru,1830,0.097
Peru,1831,0.097
Peru,1832,0.097
Peru,1833,0.097
Peru,1834,0.097
Peru,1835,0.097
Peru,1836,0.097
Peru,1837,0.097
Peru,1838,0.097
Peru,1839,0.097
Peru,1840,0.097
Peru,1841,0.097
Peru,1842,0.097
Peru,1843,0.097
Peru,1844,0.097
Peru,1845,0.107
Peru,1846,0.11
Peru,1847,0.11
Peru,1848,0.11
Peru,1849,0.11
Peru,1850,0.11
Peru,1851,0.11
Peru,1852,0.11
Peru,1853,0.11
Peru,1854,0.11
Peru,1855,0.073
Peru,1856,0.07
Peru,1857,0.07
Peru,1858,0.07
Peru,1859,0.073
Peru,1860,0.073
Peru,1861,0
Peru,1862,0
Peru,1863,0
Peru,1864,0
Peru,1865,0
Peru,1866,0
Peru,1867,0
Peru,1868,0
Peru,1869,0
Peru,1870,0
Peru,1871,0.038
Peru,1872,0.178
Peru,1873,0.178
Peru,1874,0.178
Peru,1875,0.178
Peru,1876,0.178
Peru,1877,0.153
Peru,1878,0.156
Peru,1879,0.152
Peru,1880,0
Peru,1881,0
Peru,1882,0
Peru,1883,0
Peru,1884,0
Peru,1885,0
Peru,1886,NA
Peru,1887,NA
Peru,1888,NA
Peru,1889,NA
Peru,1890,NA
Peru,1891,NA
Peru,1892,0.086
Peru,1893,0.086
Peru,1894,0.086
Peru,1895,0.067
Peru,1896,0.063
Peru,1897,0.161
Peru,1898,0.161
Peru,1899,0.16
Peru,1900,0.159
Peru,1901,0.159
Peru,1902,0.159
Peru,1903,0.12
Peru,1904,0.101
Peru,1905,0.11
Peru,1906,0.11
Peru,1907,0.11
Peru,1908,0.112
Peru,1909,0.114
Peru,1910,0.114
Peru,1911,0.091
Peru,1912,0.083
Peru,1913,0.076
Peru,1914,0.007
Peru,1915,0.047
Peru,1916,0.111
Peru,1917,0.111
Peru,1918,0.111
Peru,1919,0.052
Peru,1920,0
Peru,1921,0
Peru,1922,0
Peru,1923,0
Peru,1924,0
Peru,1925,0
Peru,1926,0
Peru,1927,0
Peru,1928,0
Peru,1929,0
Peru,1930,0
Peru,1931,0
Peru,1932,0
Peru,1933,0
Peru,1934,0
Peru,1935,0
Peru,1936,0
Peru,1937,0
Peru,1938,0
Peru,1939,0.043
Peru,1940,0.239
Peru,1941,0.239
Peru,1942,0.239
Peru,1943,0.239
Peru,1944,0.239
Peru,1945,0.269
Peru,1946,0.289
Peru,1947,0.289
Peru,1948,0.199
Peru,1949,0
Peru,1950,0.022
Peru,1951,0.043
Peru,1952,0.043
Peru,1953,0.043
Peru,1954,0.043
Peru,1955,0.043
Peru,1956,0.18
Peru,1957,0.307
Peru,1958,0.307
Peru,1959,0.307
Peru,1960,0.307
Peru,1961,0.307
Peru,1962,0.151
Peru,1963,0.219
Peru,1964,0.403
Peru,1965,0.403
Peru,1966,0.403
Peru,1967,0.403
Peru,1968,0.285
Peru,1969,0
Peru,1970,0
Peru,1971,0
Peru,1972,0
Peru,1973,0
Peru,1974,0
Peru,1975,0
Peru,1976,0
Peru,1977,0
Peru,1978,0.33
Peru,1979,0
Peru,1980,0.428
Peru,1981,0.688
Peru,1982,0.688
Peru,1983,0.688
Peru,1984,0.688
Peru,1985,0.695
Peru,1986,0.698
Peru,1987,0.698
Peru,1988,0.698
Peru,1989,0.698
Peru,1990,0.689
Peru,1991,0.676
Peru,1992,0.055
Peru,1993,0.55
Peru,1994,0.545
Peru,1995,0.465
Peru,1996,0.474
Peru,1997,0.474
Peru,1998,0.474
Peru,1999,0.474
Peru,2000,0.352
Peru,2001,0.732
Peru,2002,0.862
Peru,2003,0.862
Peru,2004,0.862
Peru,2005,0.862
Peru,2006,0.881
Peru,2007,0.889
Peru,2008,0.889
Peru,2009,0.889
Peru,2010,0.898
Peru,2011,0.916
Peru,2012,0.923
Peru,2013,0.923
Peru,2014,0.923
Peru,2015,0.92
Peru,2016,0.884
Peru,2017,0.889
Peru,2018,0.889
Peru,2019,0.875
Peru,2020,0.928
Peru,2021,0.903
Peru,2022,0.901
Peru,2023,0.877
Argentina,1789,0
Argentina,1790,0
Argentina,1791,0
Argentina,1792,0
Argentina,1793,0
Argentina,1794,0
Argentina,1795,0
Argentina,1796,0
Argentina,1797,0
Argentina,1798,0
Argentina,1799,0
Argentina,1800,0
Argentina,1801,0
Argentina,1802,0
Argentina,1803,0
Argentina,1804,0
Argentina,1805,0
Argentina,1806,0
Argentina,1807,0
Argentina,1808,0
Argentina,1809,0
Argentina,1810,0
Argentina,1811,0
Argentina,1812,0
Argentina,1813,0
Argentina,1814,0
Argentina,1815,0
Argentina,1816,0
Argentina,1817,0
Argentina,1818,0
Argentina,1819,0
Argentina,1820,0
Argentina,1821,0
Argentina,1822,0
Argentina,1823,0
Argentina,1824,0
Argentina,1825,0
Argentina,1826,0
Argentina,1827,0
Argentina,1828,0
Argentina,1829,0
Argentina,1830,0
Argentina,1831,0
Argentina,1832,0
Argentina,1833,0
Argentina,1834,0
Argentina,1835,0
Argentina,1836,0
Argentina,1837,0
Argentina,1838,0
Argentina,1839,0
Argentina,1840,0
Argentina,1841,0
Argentina,1842,0
Argentina,1843,0
Argentina,1844,0
Argentina,1845,0
Argentina,1846,0
Argentina,1847,0
Argentina,1848,0
Argentina,1849,0
Argentina,1850,0
Argentina,1851,0
Argentina,1852,0
Argentina,1853,0.059
Argentina,1854,0.181
Argentina,1855,0.181
Argentina,1856,0.18
Argentina,1857,0.18
Argentina,1858,0.191
Argentina,1859,0.191
Argentina,1860,0.313
Argentina,1861,0.336
Argentina,1862,0.32
Argentina,1863,0.32
Argentina,1864,0.327
Argentina,1865,0.327
Argentina,1866,0.328
Argentina,1867,0.328
Argentina,1868,0.328
Argentina,1869,0.328
Argentina,1870,0.329
Argentina,1871,0.329
Argentina,1872,0.332
Argentina,1873,0.332
Argentina,1874,0.331
Argentina,1875,0.331
Argentina,1876,0.325
Argentina,1877,0.325
Argentina,1878,0.328
Argentina,1879,0.328
Argentina,1880,0.314
Argentina,1881,0.314
Argentina,1882,0.323
Argentina,1883,0.323
Argentina,1884,0.326
Argentina,1885,0.326
Argentina,1886,0.32
Argentina,1887,0.32
Argentina,1888,0.321
Argentina,1889,0.321
Argentina,1890,0.332
Argentina,1891,0.332
Argentina,1892,0.329
Argentina,1893,0.329
Argentina,1894,0.328
Argentina,1895,0.328
Argentina,1896,0.331
Argentina,1897,0.331
Argentina,1898,0.327
Argentina,1899,0.327
Argentina,1900,0.327
Argentina,1901,0.327
Argentina,1902,0.327
Argentina,1903,0.327
Argentina,1904,0.294
Argentina,1905,0.281
Argentina,1906,0.281
Argentina,1907,0.281
Argentina,1908,0.281
Argentina,1909,0.281
Argentina,1910,0.388
Argentina,1911,0.414
Argentina,1912,0.595
Argentina,1913,0.624
Argentina,1914,0.617
Argentina,1915,0.615
Argentina,1916,0.655
Argentina,1917,0.668
Argentina,1918,0.702
Argentina,1919,0.709
Argentina,1920,0.708
Argentina,1921,0.708
Argentina,1922,0.731
Argentina,1923,0.738
Argentina,1924,0.74
Argentina,1925,0.74
Argentina,1926,0.739
Argentina,1927,0.739
Argentina,1928,0.745
Argentina,1929,0.747
Argentina,1930,0.497
Argentina,1931,0.059
Argentina,1932,0.397
Argentina,1933,0.397
Argentina,1934,0.335
Argentina,1935,0.322
Argentina,1936,0.301
Argentina,1937,0.286
Argentina,1938,0.294
Argentina,1939,0.301
Argentina,1940,0.341
Argentina,1941,0.35
Argentina,1942,0.367
Argentina,1943,0.156
Argentina,1944,0
Argentina,1945,0
Argentina,1946,0.584
Argentina,1947,0.704
Argentina,1948,0.687
Argentina,1949,0.683
Argentina,1950,0.683
Argentina,1951,0.683
Argentina,1952,0.681
Argentina,1953,0.681
Argentina,1954,0.658
Argentina,1955,0.465
Argentina,1956,0
Argentina,1957,0.255
Argentina,1958,0.629
Argentina,1959,0.635
Argentina,1960,0.644
Argentina,1961,0.647
Argentina,1962,0.152
Argentina,1963,0.327
Argentina,1964,0.671
Argentina,1965,0.682
Argentina,1966,0.334
Argentina,1967,0
Argentina,1968,0
Argentina,1969,0
Argentina,1970,0
Argentina,1971,0
Argentina,1972,0
Argentina,1973,0.569
Argentina,1974,0.74
Argentina,1975,0.74
Argentina,1976,0.155
Argentina,1977,0
Argentina,1978,0
Argentina,1979,0
Argentina,1980,0
Argentina,1981,0
Argentina,1982,0
Argentina,1983,0.151
Argentina,1984,0.877
Argentina,1985,0.876
Argentina,1986,0.874
Argentina,1987,0.874
Argentina,1988,0.875
Argentina,1989,0.873
Argentina,1990,0.871
Argentina,1991,0.87
Argentina,1992,0.869
Argentina,1993,0.869
Argentina,1994,0.878
Argentina,1995,0.876
Argentina,1996,0.873
Argentina,1997,0.872
Argentina,1998,0.867
Argentina,1999,0.868
Argentina,2000,0.872
Argentina,2001,0.872
Argentina,2002,0.872
Argentina,2003,0.87
Argentina,2004,0.869
Argentina,2005,0.864
Argentina,2006,0.843
Argentina,2007,0.846
Argentina,2008,0.84
Argentina,2009,0.835
Argentina,2010,0.829
Argentina,2011,0.833
Argentina,2012,0.851
Argentina,2013,0.853
Argentina,2014,0.86
Argentina,2015,0.853
Argentina,2016,0.823
Argentina,2017,0.835
Argentina,2018,0.887
Argentina,2019,0.885
Argentina,2020,0.901
Argentina,2021,0.903
Argentina,2022,0.915
Argentina,2023,0.909
Venezuela,1789,0
Venezuela,1790,0
Venezuela,1791,0
Venezuela,1792,0
Venezuela,1793,0
Venezuela,1794,0
Venezuela,1795,0
Venezuela,1796,0
Venezuela,1797,0
Venezuela,1798,0
Venezuela,1799,0
Venezuela,1800,0
Venezuela,1801,0
Venezuela,1802,0
Venezuela,1803,0
Venezuela,1804,0
Venezuela,1805,0
Venezuela,1806,0
Venezuela,1807,0
Venezuela,1808,0
Venezuela,1809,0
Venezuela,1810,0
Venezuela,1811,0
Venezuela,1812,0
Venezuela,1813,0
Venezuela,1814,0
Venezuela,1815,0
Venezuela,1816,0
Venezuela,1817,0
Venezuela,1818,0
Venezuela,1819,0
Venezuela,1830,0
Venezuela,1831,0
Venezuela,1832,0
Venezuela,1833,0
Venezuela,1834,0
Venezuela,1835,0
Venezuela,1836,0
Venezuela,1837,0
Venezuela,1838,0
Venezuela,1839,0
Venezuela,1840,0
Venezuela,1841,0
Venezuela,1842,0
Venezuela,1843,0
Venezuela,1844,0
Venezuela,1845,0
Venezuela,1846,0
Venezuela,1847,0
Venezuela,1848,0
Venezuela,1849,0
Venezuela,1850,0
Venezuela,1851,0
Venezuela,1852,0
Venezuela,1853,0
Venezuela,1854,0
Venezuela,1855,0
Venezuela,1856,0
Venezuela,1857,0
Venezuela,1858,0.052
Venezuela,1859,0
Venezuela,1860,0.114
Venezuela,1861,0.061
Venezuela,1862,0
Venezuela,1863,0
Venezuela,1864,0
Venezuela,1865,0
Venezuela,1866,0
Venezuela,1867,0
Venezuela,1868,0
Venezuela,1869,0
Venezuela,1870,0
Venezuela,1871,0
Venezuela,1872,0
Venezuela,1873,0
Venezuela,1874,0
Venezuela,1875,0
Venezuela,1876,0
Venezuela,1877,0
Venezuela,1878,0
Venezuela,1879,0
Venezuela,1880,0
Venezuela,1881,0
Venezuela,1882,0
Venezuela,1883,0
Venezuela,1884,0
Venezuela,1885,0
Venezuela,1886,0
Venezuela,1887,0
Venezuela,1888,0
Venezuela,1889,0
Venezuela,1890,0
Venezuela,1891,0
Venezuela,1892,0
Venezuela,1893,0.337
Venezuela,1894,0.337
Venezuela,1895,0.337
Venezuela,1896,0.337
Venezuela,1897,0.016
Venezuela,1898,0.047
Venezuela,1899,0.038
Venezuela,1900,0
Venezuela,1901,0
Venezuela,1902,0
Venezuela,1903,0
Venezuela,1904,0
Venezuela,1905,0
Venezuela,1906,0
Venezuela,1907,0
Venezuela,1908,0
Venezuela,1909,0
Venezuela,1910,0
Venezuela,1911,0
Venezuela,1912,0
Venezuela,1913,0
Venezuela,1914,0
Venezuela,1915,0
Venezuela,1916,0
Venezuela,1917,0
Venezuela,1918,0
Venezuela,1919,0
Venezuela,1920,0
Venezuela,1921,0
Venezuela,1922,0
Venezuela,1923,0
Venezuela,1924,0
Venezuela,1925,0
Venezuela,1926,0
Venezuela,1927,0
Venezuela,1928,0
Venezuela,1929,0
Venezuela,1930,0
Venezuela,1931,0
Venezuela,1932,0
Venezuela,1933,0
Venezuela,1934,0
Venezuela,1935,0
Venezuela,1936,0
Venezuela,1937,0
Venezuela,1938,0
Venezuela,1939,0
Venezuela,1940,0
Venezuela,1941,0
Venezuela,1942,0
Venezuela,1943,0
Venezuela,1944,0
Venezuela,1945,0
Venezuela,1946,0.111
Venezuela,1947,0.614
Venezuela,1948,0.544
Venezuela,1949,0
Venezuela,1950,0
Venezuela,1951,0
Venezuela,1952,0.001
Venezuela,1953,0
Venezuela,1954,0
Venezuela,1955,0
Venezuela,1956,0
Venezuela,1957,0.008
Venezuela,1958,0.318
Venezuela,1959,0.688
Venezuela,1960,0.704
Venezuela,1961,0.704
Venezuela,1962,0.704
Venezuela,1963,0.701
Venezuela,1964,0.678
Venezuela,1965,0.678
Venezuela,1966,0.678
Venezuela,1967,0.678
Venezuela,1968,0.679
Venezuela,1969,0.691
Venezuela,1970,0.691
Venezuela,1971,0.705
Venezuela,1972,0.705
Venezuela,1973,0.697
Venezuela,1974,0.742
Venezuela,1975,0.742
Venezuela,1976,0.742
Venezuela,1977,0.742
Venezuela,1978,0.741
Venezuela,1979,0.75
Venezuela,1980,0.75
Venezuela,1981,0.75
Venezuela,1982,0.75
Venezuela,1983,0.75
Venezuela,1984,0.745
Venezuela,1985,0.745
Venezuela,1986,0.745
Venezuela,1987,0.745
Venezuela,1988,0.745
Venezuela,1989,0.757
Venezuela,1990,0.766
Venezuela,1991,0.775
Venezuela,1992,0.763
Venezuela,1993,0.776
Venezuela,1994,0.774
Venezuela,1995,0.774
Venezuela,1996,0.774
Venezuela,1997,0.774
Venezuela,1998,0.782
Venezuela,1999,0.805
Venezuela,2000,0.704
Venezuela,2001,0.604
Venezuela,2002,0.596
Venezuela,2003,0.583
Venezuela,2004,0.563
Venezuela,2005,0.56
Venezuela,2006,0.514
Venezuela,2007,0.492
Venezuela,2008,0.486
Venezuela,2009,0.486
Venezuela,2010,0.471
Venezuela,2011,0.444
Venezuela,2012,0.432
Venezuela,2013,0.32
Venezuela,2014,0.308
Venezuela,2015,0.308
Venezuela,2016,0.291
Venezuela,2017,0.11
Venezuela,2018,0.082
Venezuela,2019,0.074
Venezuela,2020,0.08
Venezuela,2021,0.131
Venezuela,2022,0.123
Venezuela,2023,0.118
Nicaragua,1838,0
Nicaragua,1839,0
Nicaragua,1840,0
Nicaragua,1841,0
Nicaragua,1842,0
Nicaragua,1843,0
Nicaragua,1844,0
Nicaragua,1845,0
Nicaragua,1846,0
Nicaragua,1847,0
Nicaragua,1848,0
Nicaragua,1849,0
Nicaragua,1850,0
Nicaragua,1851,0
Nicaragua,1852,0
Nicaragua,1853,0
Nicaragua,1854,0
Nicaragua,1855,0
Nicaragua,1856,0
Nicaragua,1857,0.044
Nicaragua,1858,0.361
Nicaragua,1859,0.361
Nicaragua,1860,0.361
Nicaragua,1861,0.361
Nicaragua,1862,0.361
Nicaragua,1863,0.361
Nicaragua,1864,0.361
Nicaragua,1865,0.361
Nicaragua,1866,0.361
Nicaragua,1867,0.361
Nicaragua,1868,0.361
Nicaragua,1869,0.361
Nicaragua,1870,0.361
Nicaragua,1871,0.361
Nicaragua,1872,0.361
Nicaragua,1873,0.361
Nicaragua,1874,0.361
Nicaragua,1875,0.361
Nicaragua,1876,0.361
Nicaragua,1877,0.361
Nicaragua,1878,0.361
Nicaragua,1879,0.361
Nicaragua,1880,0.361
Nicaragua,1881,0.361
Nicaragua,1882,0.361
Nicaragua,1883,0.361
Nicaragua,1884,0.361
Nicaragua,1885,0.361
Nicaragua,1886,0.361
Nicaragua,1887,0.361
Nicaragua,1888,0.361
Nicaragua,1889,0.361
Nicaragua,1890,0.361
Nicaragua,1891,0.361
Nicaragua,1892,0.361
Nicaragua,1893,0.201
Nicaragua,1894,0.049
Nicaragua,1895,0.049
Nicaragua,1896,0
Nicaragua,1897,0
Nicaragua,1898,0
Nicaragua,1899,0.02
Nicaragua,1900,0.047
Nicaragua,1901,0.045
Nicaragua,1902,0
Nicaragua,1903,0
Nicaragua,1904,0
Nicaragua,1905,0.004
Nicaragua,1906,0
Nicaragua,1907,0
Nicaragua,1908,0
Nicaragua,1909,0
Nicaragua,1910,0
Nicaragua,1911,0
Nicaragua,1912,0.004
Nicaragua,1913,0.025
Nicaragua,1914,0.025
Nicaragua,1915,0.028
Nicaragua,1916,0.028
Nicaragua,1917,0.027
Nicaragua,1918,0.027
Nicaragua,1919,0.027
Nicaragua,1920,0.027
Nicaragua,1921,0.03
Nicaragua,1922,0.03
Nicaragua,1923,0.03
Nicaragua,1924,0.035
Nicaragua,1925,0.045
Nicaragua,1926,0.002
Nicaragua,1927,0
Nicaragua,1928,0.012
Nicaragua,1929,0.078
Nicaragua,1930,0.077
Nicaragua,1931,0.069
Nicaragua,1932,0.068
Nicaragua,1933,0.064
Nicaragua,1934,0.059
Nicaragua,1935,0.045
Nicaragua,1936,0.041
Nicaragua,1937,0.018
Nicaragua,1938,0.018
Nicaragua,1939,0.018
Nicaragua,1940,0.021
Nicaragua,1941,0.021
Nicaragua,1942,0.021
Nicaragua,1943,0.021
Nicaragua,1944,0.021
Nicaragua,1945,0.021
Nicaragua,1946,0.021
Nicaragua,1947,0.008
Nicaragua,1948,0
Nicaragua,1949,0
Nicaragua,1950,0.014
Nicaragua,1951,0.022
Nicaragua,1952,0.022
Nicaragua,1953,0.022
Nicaragua,1954,0.022
Nicaragua,1955,0.022
Nicaragua,1956,0.022
Nicaragua,1957,0.019
Nicaragua,1958,0.019
Nicaragua,1959,0.019
Nicaragua,1960,0.019
Nicaragua,1961,0.019
Nicaragua,1962,0.019
Nicaragua,1963,0.019
Nicaragua,1964,0.02
Nicaragua,1965,0.02
Nicaragua,1966,0.02
Nicaragua,1967,0.024
Nicaragua,1968,0.025
Nicaragua,1969,0.025
Nicaragua,1970,0.025
Nicaragua,1971,0.025
Nicaragua,1972,0.012
Nicaragua,1973,0
Nicaragua,1974,0.007
Nicaragua,1975,0.021
Nicaragua,1976,0.021
Nicaragua,1977,0.021
Nicaragua,1978,0.021
Nicaragua,1979,0.013
Nicaragua,1980,0
Nicaragua,1981,0
Nicaragua,1982,0
Nicaragua,1983,0
Nicaragua,1984,0.072
Nicaragua,1985,0.452
Nicaragua,1986,0.452
Nicaragua,1987,0.452
Nicaragua,1988,0.46
Nicaragua,1989,0.468
Nicaragua,1990,0.65
Nicaragua,1991,0.68
Nicaragua,1992,0.68
Nicaragua,1993,0.68
Nicaragua,1994,0.68
Nicaragua,1995,0.68
Nicaragua,1996,0.664
Nicaragua,1997,0.603
Nicaragua,1998,0.603
Nicaragua,1999,0.548
Nicaragua,2000,0.548
Nicaragua,2001,0.554
Nicaragua,2002,0.588
Nicaragua,2003,0.588
Nicaragua,2004,0.588
Nicaragua,2005,0.588
Nicaragua,2006,0.549
Nicaragua,2007,0.471
Nicaragua,2008,0.471
Nicaragua,2009,0.471
Nicaragua,2010,0.459
Nicaragua,2011,0.437
Nicaragua,2012,0.311
Nicaragua,2013,0.299
Nicaragua,2014,0.299
Nicaragua,2015,0.299
Nicaragua,2016,0.29
Nicaragua,2017,0.236
Nicaragua,2018,0.217
Nicaragua,2019,0.217
Nicaragua,2020,0.217
Nicaragua,2021,0.206
Nicaragua,2022,0.141
Nicaragua,2023,0.141
Chile,1789,0
Chile,1790,0
Chile,1791,0
Chile,1792,0
Chile,1793,0
Chile,1794,0
Chile,1795,0
Chile,1796,0
Chile,1797,0
Chile,1798,0
Chile,1799,0
Chile,1800,0
Chile,1801,0
Chile,1802,0
Chile,1803,0
Chile,1804,0
Chile,1805,0
Chile,1806,0
Chile,1807,0
Chile,1808,0
Chile,1809,0
Chile,1810,0
Chile,1811,0.126
Chile,1812,0.167
Chile,1813,0.167
Chile,1814,0.033
Chile,1815,0
Chile,1816,0
Chile,1817,0
Chile,1818,0
Chile,1819,0.167
Chile,1820,0.167
Chile,1821,0.167
Chile,1822,0.141
Chile,1823,0.138
Chile,1824,0.15
Chile,1825,0.15
Chile,1826,0.15
Chile,1827,0.145
Chile,1828,0.145
Chile,1829,0.132
Chile,1830,0
Chile,1831,0.126
Chile,1832,0.126
Chile,1833,0.153
Chile,1834,0.111
Chile,1835,0.111
Chile,1836,0.11
Chile,1837,0.109
Chile,1838,0.109
Chile,1839,0.109
Chile,1840,0.142
Chile,1841,0.128
Chile,1842,0.114
Chile,1843,0.134
Chile,1844,0.134
Chile,1845,0.134
Chile,1846,0.123
Chile,1847,0.123
Chile,1848,0.123
Chile,1849,0.128
Chile,1850,0.128
Chile,1851,0.105
Chile,1852,0.138
Chile,1853,0.138
Chile,1854,0.138
Chile,1855,0.141
Chile,1856,0.141
Chile,1857,0.142
Chile,1858,0.132
Chile,1859,0.132
Chile,1860,0.132
Chile,1861,0.135
Chile,1862,0.135
Chile,1863,0.135
Chile,1864,0.137
Chile,1865,0.137
Chile,1866,0.134
Chile,1867,0.131
Chile,1868,0.131
Chile,1869,0.131
Chile,1870,0.138
Chile,1871,0.135
Chile,1872,0.133
Chile,1873,0.133
Chile,1874,0.158
Chile,1875,0.158
Chile,1876,0.171
Chile,1877,0.171
Chile,1878,0.171
Chile,1879,0.265
Chile,1880,0.265
Chile,1881,0.262
Chile,1882,0.234
Chile,1883,0.234
Chile,1884,0.234
Chile,1885,0.266
Chile,1886,0.249
Chile,1887,0.235
Chile,1888,0.266
Chile,1889,0.266
Chile,1890,0.266
Chile,1891,0.351
Chile,1892,0.351
Chile,1893,0.351
Chile,1894,0.434
Chile,1895,0.434
Chile,1896,0.43
Chile,1897,0.427
Chile,1898,0.427
Chile,1899,0.427
Chile,1900,0.377
Chile,1901,0.376
Chile,1902,0.375
Chile,1903,0.353
Chile,1904,0.348
Chile,1905,0.348
Chile,1906,0.37
Chile,1907,0.374
Chile,1908,0.374
Chile,1909,0.347
Chile,1910,0.341
Chile,1911,0.341
Chile,1912,0.342
Chile,1913,0.343
Chile,1914,0.343
Chile,1915,0.366
Chile,1916,0.371
Chile,1917,0.371
Chile,1918,0.345
Chile,1919,0.34
Chile,1920,0.335
Chile,1921,0.364
Chile,1922,0.371
Chile,1923,0.371
Chile,1924,0.237
Chile,1925,0.062
Chile,1926,0
Chile,1927,0.208
Chile,1928,0
Chile,1929,0
Chile,1930,0.44
Chile,1931,0.11
Chile,1932,0.459
Chile,1933,0.575
Chile,1934,0.575
Chile,1935,0.575
Chile,1936,0.575
Chile,1937,0.625
Chile,1938,0.632
Chile,1939,0.616
Chile,1940,0.616
Chile,1941,0.667
Chile,1942,0.661
Chile,1943,0.66
Chile,1944,0.66
Chile,1945,0.674
Chile,1946,0.674
Chile,1947,0.668
Chile,1948,0.668
Chile,1949,0.668
Chile,1950,0.668
Chile,1951,0.668
Chile,1952,0.672
Chile,1953,0.678
Chile,1954,0.678
Chile,1955,0.678
Chile,1956,0.678
Chile,1957,0.685
Chile,1958,0.724
Chile,1959,0.801
Chile,1960,0.801
Chile,1961,0.822
Chile,1962,0.826
Chile,1963,0.826
Chile,1964,0.834
Chile,1965,0.849
Chile,1966,0.849
Chile,1967,0.849
Chile,1968,0.849
Chile,1969,0.848
Chile,1970,0.847
Chile,1971,0.843
Chile,1972,0.843
Chile,1973,0.585
Chile,1974,0
Chile,1975,0
Chile,1976,0
Chile,1977,0
Chile,1978,0
Chile,1979,0
Chile,1980,0
Chile,1981,0
Chile,1982,0
Chile,1983,0
Chile,1984,0
Chile,1985,0
Chile,1986,0
Chile,1987,0
Chile,1988,0
Chile,1989,0.043
Chile,1990,0.884
Chile,1991,0.884
Chile,1992,0.884
Chile,1993,0.888
Chile,1994,0.952
Chile,1995,0.952
Chile,1996,0.952
Chile,1997,0.952
Chile,1998,0.953
Chile,1999,0.953
Chile,2000,0.955
Chile,2001,0.954
Chile,2002,0.951
Chile,2003,0.951
Chile,2004,0.951
Chile,2005,0.952
Chile,2006,0.969
Chile,2007,0.969
Chile,2008,0.969
Chile,2009,0.969
Chile,2010,0.971
Chile,2011,0.971
Chile,2012,0.97
Chile,2013,0.969
Chile,2014,0.963
Chile,2015,0.969
Chile,2016,0.969
Chile,2017,0.969
Chile,2018,0.965
Chile,2019,0.968
Chile,2020,0.968
Chile,2021,0.967
Chile,2022,0.957
Chile,2023,0.956
Costa Rica,1838,0.437
Costa Rica,1839,0.437
Costa Rica,1840,0.437
Costa Rica,1841,0.437
Costa Rica,1842,0.437
Costa Rica,1843,0.437
Costa Rica,1844,0.436
Costa Rica,1845,0.435
Costa Rica,1846,0.441
Costa Rica,1847,0.048
Costa Rica,1848,0
Costa Rica,1849,0
Costa Rica,1850,0
Costa Rica,1851,0
Costa Rica,1852,0
Costa Rica,1853,0
Costa Rica,1854,0
Costa Rica,1855,0
Costa Rica,1856,0
Costa Rica,1857,0
Costa Rica,1858,0
Costa Rica,1859,0
Costa Rica,1860,0
Costa Rica,1861,0
Costa Rica,1862,0
Costa Rica,1863,0
Costa Rica,1864,0
Costa Rica,1865,0
Costa Rica,1866,0
Costa Rica,1867,0
Costa Rica,1868,0
Costa Rica,1869,0
Costa Rica,1870,0
Costa Rica,1871,0.144
Costa Rica,1872,0.371
Costa Rica,1873,0.371
Costa Rica,1874,0.371
Costa Rica,1875,0.371
Costa Rica,1876,0.214
Costa Rica,1877,0
Costa Rica,1878,0
Costa Rica,1879,0
Costa Rica,1880,0.363
Costa Rica,1881,0.354
Costa Rica,1882,0.354
Costa Rica,1883,0.354
Costa Rica,1884,0.354
Costa Rica,1885,0.354
Costa Rica,1886,0.354
Costa Rica,1887,0.354
Costa Rica,1888,0.354
Costa Rica,1889,0.34
Costa Rica,1890,0.266
Costa Rica,1891,0.266
Costa Rica,1892,0.28
Costa Rica,1893,0.28
Costa Rica,1894,0.204
Costa Rica,1895,0.179
Costa Rica,1896,0.199
Costa Rica,1897,0.203
Costa Rica,1898,0.269
Costa Rica,1899,0.269
Costa Rica,1900,0.269
Costa Rica,1901,0.269
Costa Rica,1902,0.269
Costa Rica,1903,0.269
Costa Rica,1904,0.269
Costa Rica,1905,0.269
Costa Rica,1906,0.269
Costa Rica,1907,0.269
Costa Rica,1908,0.284
Costa Rica,1909,0.31
Costa Rica,1910,0.36
Costa Rica,1911,0.36
Costa Rica,1912,0.36
Costa Rica,1913,0.357
Costa Rica,1914,0.268
Costa Rica,1915,0.268
Costa Rica,1916,0.268
Costa Rica,1917,0.057
Costa Rica,1918,0
Costa Rica,1919,0.143
Costa Rica,1920,0.25
Costa Rica,1921,0.25
Costa Rica,1922,0.25
Costa Rica,1923,0.254
Costa Rica,1924,0.309
Costa Rica,1925,0.309
Costa Rica,1926,0.309
Costa Rica,1927,0.309
Costa Rica,1928,0.312
Costa Rica,1929,0.312
Costa Rica,1930,0.312
Costa Rica,1931,0.312
Costa Rica,1932,0.303
Costa Rica,1933,0.302
Costa Rica,1934,0.302
Costa Rica,1935,0.302
Costa Rica,1936,0.301
Costa Rica,1937,0.301
Costa Rica,1938,0.301
Costa Rica,1939,0.301
Costa Rica,1940,0.32
Costa Rica,1941,0.322
Costa Rica,1942,0.322
Costa Rica,1943,0.322
Costa Rica,1944,0.337
Costa Rica,1945,0.339
Costa Rica,1946,0.339
Costa Rica,1947,0.339
Costa Rica,1948,0.138
Costa Rica,1949,0.544
Costa Rica,1950,0.596
Costa Rica,1951,0.636
Costa Rica,1952,0.636
Costa Rica,1953,0.738
Costa Rica,1954,0.869
Costa Rica,1955,0.869
Costa Rica,1956,0.869
Costa Rica,1957,0.869
Costa Rica,1958,0.87
Costa Rica,1959,0.87
Costa Rica,1960,0.87
Costa Rica,1961,0.87
Costa Rica,1962,0.876
Costa Rica,1963,0.877
Costa Rica,1964,0.877
Costa Rica,1965,0.877
Costa Rica,1966,0.888
Costa Rica,1967,0.889
Costa Rica,1968,0.889
Costa Rica,1969,0.889
Costa Rica,1970,0.883
Costa Rica,1971,0.882
Costa Rica,1972,0.882
Costa Rica,1973,0.882
Costa Rica,1974,0.876
Costa Rica,1975,0.876
Costa Rica,1976,0.876
Costa Rica,1977,0.876
Costa Rica,1978,0.88
Costa Rica,1979,0.88
Costa Rica,1980,0.88
Costa Rica,1981,0.88
Costa Rica,1982,0.903
Costa Rica,1983,0.906
Costa Rica,1984,0.906
Costa Rica,1985,0.906
Costa Rica,1986,0.904
Costa Rica,1987,0.903
Costa Rica,1988,0.903
Costa Rica,1989,0.903
Costa Rica,1990,0.93
Costa Rica,1991,0.933
Costa Rica,1992,0.933
Costa Rica,1993,0.933
Costa Rica,1994,0.934
Costa Rica,1995,0.934
Costa Rica,1996,0.934
Costa Rica,1997,0.934
Costa Rica,1998,0.936
Costa Rica,1999,0.936
Costa Rica,2000,0.936
Costa Rica,2001,0.936
Costa Rica,2002,0.94
Costa Rica,2003,0.941
Costa Rica,2004,0.941
Costa Rica,2005,0.941
Costa Rica,2006,0.953
Costa Rica,2007,0.954
Costa Rica,2008,0.954
Costa Rica,2009,0.954
Costa Rica,2010,0.955
Costa Rica,2011,0.955
Costa Rica,2012,0.955
Costa Rica,2013,0.955
Costa Rica,2014,0.957
Costa Rica,2015,0.958
Costa Rica,2016,0.958
Costa Rica,2017,0.958
Costa Rica,2018,0.959
Costa Rica,2019,0.959
Costa Rica,2020,0.959
Costa Rica,2021,0.959
Costa Rica,2022,0.944
Costa Rica,2023,0.943
Ecuador,1830,0
Ecuador,1831,0
Ecuador,1832,0
Ecuador,1833,0
Ecuador,1834,0
Ecuador,1835,0
Ecuador,1836,0
Ecuador,1837,0
Ecuador,1838,0
Ecuador,1839,0
Ecuador,1840,0
Ecuador,1841,0
Ecuador,1842,0
Ecuador,1843,0
Ecuador,1844,0
Ecuador,1845,0
Ecuador,1846,0
Ecuador,1847,0
Ecuador,1848,0
Ecuador,1849,0
Ecuador,1850,0
Ecuador,1851,0
Ecuador,1852,0
Ecuador,1853,0
Ecuador,1854,0
Ecuador,1855,0
Ecuador,1856,0.067
Ecuador,1857,0.265
Ecuador,1858,0.265
Ecuador,1859,0.188
Ecuador,1860,0
Ecuador,1861,0
Ecuador,1862,0
Ecuador,1863,0
Ecuador,1864,0
Ecuador,1865,0.014
Ecuador,1866,0.159
Ecuador,1867,0.159
Ecuador,1868,0.143
Ecuador,1869,0.143
Ecuador,1870,0.143
Ecuador,1871,0.143
Ecuador,1872,0.143
Ecuador,1873,0.143
Ecuador,1874,0.143
Ecuador,1875,0.159
Ecuador,1876,0.161
Ecuador,1877,0
Ecuador,1878,0
Ecuador,1879,0
Ecuador,1880,0
Ecuador,1881,0
Ecuador,1882,0
Ecuador,1883,0
Ecuador,1884,0
Ecuador,1885,0
Ecuador,1886,0
Ecuador,1887,0
Ecuador,1888,0.184
Ecuador,1889,0.223
Ecuador,1890,0.223
Ecuador,1891,0.223
Ecuador,1892,0.218
Ecuador,1893,0.217
Ecuador,1894,0.217
Ecuador,1895,0.063
Ecuador,1896,0.288
Ecuador,1897,0.288
Ecuador,1898,0.288
Ecuador,1899,0.288
Ecuador,1900,0.288
Ecuador,1901,0.281
Ecuador,1902,0.266
Ecuador,1903,0.266
Ecuador,1904,0.266
Ecuador,1905,0.268
Ecuador,1906,0.01
Ecuador,1907,0
Ecuador,1908,0
Ecuador,1909,0
Ecuador,1910,0
Ecuador,1911,0.178
Ecuador,1912,0.179
Ecuador,1913,0.181
Ecuador,1914,0.181
Ecuador,1915,0.181
Ecuador,1916,0.202
Ecuador,1917,0.245
Ecuador,1918,0.245
Ecuador,1919,0.245
Ecuador,1920,0.245
Ecuador,1921,0.244
Ecuador,1922,0.244
Ecuador,1923,0.244
Ecuador,1924,0.236
Ecuador,1925,0.115
Ecuador,1926,0
Ecuador,1927,0
Ecuador,1928,0.019
Ecuador,1929,0.228
Ecuador,1930,0.228
Ecuador,1931,0.206
Ecuador,1932,0.157
Ecuador,1933,0.158
Ecuador,1934,0.18
Ecuador,1935,0.104
Ecuador,1936,0
Ecuador,1937,0
Ecuador,1938,0.139
Ecuador,1939,0.144
Ecuador,1940,0.124
Ecuador,1941,0.123
Ecuador,1942,0.123
Ecuador,1943,0.123
Ecuador,1944,0.051
Ecuador,1945,0
Ecuador,1946,0
Ecuador,1947,0.25
Ecuador,1948,0.353
Ecuador,1949,0.43
Ecuador,1950,0.438
Ecuador,1951,0.441
Ecuador,1952,0.412
Ecuador,1953,0.391
Ecuador,1954,0.409
Ecuador,1955,0.423
Ecuador,1956,0.42
Ecuador,1957,0.417
Ecuador,1958,0.44
Ecuador,1959,0.456
Ecuador,1960,0.438
Ecuador,1961,0.425
Ecuador,1962,0.444
Ecuador,1963,0.235
Ecuador,1964,0
Ecuador,1965,0
Ecuador,1966,0
Ecuador,1967,0
Ecuador,1968,0.262
Ecuador,1969,0.449
Ecuador,1970,0.212
Ecuador,1971,0
Ecuador,1972,0
Ecuador,1973,0
Ecuador,1974,0
Ecuador,1975,0
Ecuador,1976,0
Ecuador,1977,0
Ecuador,1978,0.28
Ecuador,1979,0.456
Ecuador,1980,0.745
Ecuador,1981,0.745
Ecuador,1982,0.745
Ecuador,1983,0.745
Ecuador,1984,0.812
Ecuador,1985,0.818
Ecuador,1986,0.815
Ecuador,1987,0.814
Ecuador,1988,0.807
Ecuador,1989,0.806
Ecuador,1990,0.805
Ecuador,1991,0.803
Ecuador,1992,0.799
Ecuador,1993,0.797
Ecuador,1994,0.799
Ecuador,1995,0.8
Ecuador,1996,0.801
Ecuador,1997,0.801
Ecuador,1998,0.791
Ecuador,1999,0.785
Ecuador,2000,0.785
Ecuador,2001,0.785
Ecuador,2002,0.789
Ecuador,2003,0.803
Ecuador,2004,0.803
Ecuador,2005,0.803
Ecuador,2006,0.798
Ecuador,2007,0.768
Ecuador,2008,0.751
Ecuador,2009,0.745
Ecuador,2010,0.744
Ecuador,2011,0.744
Ecuador,2012,0.744
Ecuador,2013,0.71
Ecuador,2014,0.705
Ecuador,2015,0.71
Ecuador,2016,0.71
Ecuador,2017,0.669
Ecuador,2018,0.705
Ecuador,2019,0.694
Ecuador,2020,0.692
Ecuador,2021,0.759
Ecuador,2022,0.783
Ecuador,2023,0.795
Guatemala,1789,0
Guatemala,1790,0
Guatemala,1791,0
Guatemala,1792,0
Guatemala,1793,0
Guatemala,1794,0
Guatemala,1795,0
Guatemala,1796,0
Guatemala,1797,0
Guatemala,1798,0
Guatemala,1799,0
Guatemala,1800,0
Guatemala,1801,0
Guatemala,1802,0
Guatemala,1803,0
Guatemala,1804,0
Guatemala,1805,0
Guatemala,1806,0
Guatemala,1807,0
Guatemala,1808,0
Guatemala,1809,0
Guatemala,1810,0
Guatemala,1811,0
Guatemala,1812,0
Guatemala,1813,0
Guatemala,1814,0
Guatemala,1815,0
Guatemala,1816,0
Guatemala,1817,0
Guatemala,1818,0
Guatemala,1819,0
Guatemala,1820,0
Guatemala,1821,0
Guatemala,1822,0
Guatemala,1823,0
Guatemala,1824,0
Guatemala,1825,0
Guatemala,1826,0
Guatemala,1827,0
Guatemala,1828,0
Guatemala,1829,0
Guatemala,1830,0
Guatemala,1831,0
Guatemala,1832,0
Guatemala,1833,0
Guatemala,1834,0
Guatemala,1835,0
Guatemala,1836,0
Guatemala,1837,0
Guatemala,1838,0
Guatemala,1839,0
Guatemala,1840,0
Guatemala,1841,0
Guatemala,1842,0
Guatemala,1843,0
Guatemala,1844,0
Guatemala,1845,0
Guatemala,1846,0
Guatemala,1847,0
Guatemala,1848,0
Guatemala,1849,NA
Guatemala,1850,NA
Guatemala,1851,NA
Guatemala,1852,0.085
Guatemala,1853,0.085
Guatemala,1854,0.085
Guatemala,1855,0.085
Guatemala,1856,0.085
Guatemala,1857,0.085
Guatemala,1858,0.085
Guatemala,1859,0.085
Guatemala,1860,0.085
Guatemala,1861,0.085
Guatemala,1862,0.085
Guatemala,1863,0.085
Guatemala,1864,0.085
Guatemala,1865,0.085
Guatemala,1866,0.085
Guatemala,1867,0.085
Guatemala,1868,0.085
Guatemala,1869,0.114
Guatemala,1870,0.143
Guatemala,1871,0.105
Guatemala,1872,0.08
Guatemala,1873,0.085
Guatemala,1874,0.084
Guatemala,1875,0.084
Guatemala,1876,0.089
Guatemala,1877,0.105
Guatemala,1878,0.103
Guatemala,1879,0.091
Guatemala,1880,0.086
Guatemala,1881,0.085
Guatemala,1882,0.085
Guatemala,1883,0.085
Guatemala,1884,0.085
Guatemala,1885,0.022
Guatemala,1886,0
Guatemala,1887,0
Guatemala,1888,0
Guatemala,1889,0
Guatemala,1890,0
Guatemala,1891,0.215
Guatemala,1892,0.215
Guatemala,1893,0.215
Guatemala,1894,0.215
Guatemala,1895,0.215
Guatemala,1896,0.215
Guatemala,1897,0.135
Guatemala,1898,0.051
Guatemala,1899,0.034
Guatemala,1900,0.034
Guatemala,1901,0.034
Guatemala,1902,0.034
Guatemala,1903,0.034
Guatemala,1904,0.026
Guatemala,1905,0.017
Guatemala,1906,0.017
Guatemala,1907,0.017
Guatemala,1908,0.017
Guatemala,1909,0.017
Guatemala,1910,0.017
Guatemala,1911,0.016
Guatemala,1912,0.016
Guatemala,1913,0.016
Guatemala,1914,0.016
Guatemala,1915,0.016
Guatemala,1916,0.022
Guatemala,1917,0.023
Guatemala,1918,0.023
Guatemala,1919,0.023
Guatemala,1920,0.018
Guatemala,1921,0.015
Guatemala,1922,0.046
Guatemala,1923,0.054
Guatemala,1924,0.055
Guatemala,1925,0.056
Guatemala,1926,0.061
Guatemala,1927,0.061
Guatemala,1928,0.061
Guatemala,1929,0.061
Guatemala,1930,0.062
Guatemala,1931,0.043
Guatemala,1932,0.041
Guatemala,1933,0.041
Guatemala,1934,0.041
Guatemala,1935,0.036
Guatemala,1936,0.033
Guatemala,1937,0.033
Guatemala,1938,0.033
Guatemala,1939,0.033
Guatemala,1940,0.033
Guatemala,1941,0.033
Guatemala,1942,0.033
Guatemala,1943,0.033
Guatemala,1944,0.071
Guatemala,1945,0.332
Guatemala,1946,0.332
Guatemala,1947,0.433
Guatemala,1948,0.439
Guatemala,1949,0.43
Guatemala,1950,0.43
Guatemala,1951,0.429
Guatemala,1952,0.429
Guatemala,1953,0.403
Guatemala,1954,0.266
Guatemala,1955,0.003
Guatemala,1956,0.089
Guatemala,1957,0.082
Guatemala,1958,0.054
Guatemala,1959,0.054
Guatemala,1960,0.059
Guatemala,1961,0.058
Guatemala,1962,0.045
Guatemala,1963,0.011
Guatemala,1964,0.026
Guatemala,1965,0
Guatemala,1966,0.037
Guatemala,1967,0.045
Guatemala,1968,0.045
Guatemala,1969,0.045
Guatemala,1970,0.038
Guatemala,1971,0.036
Guatemala,1972,0.036
Guatemala,1973,0.036
Guatemala,1974,0.031
Guatemala,1975,0.03
Guatemala,1976,0.03
Guatemala,1977,0.03
Guatemala,1978,0.028
Guatemala,1979,0.028
Guatemala,1980,0.028
Guatemala,1981,0.028
Guatemala,1982,0.007
Guatemala,1983,0
Guatemala,1984,0.102
Guatemala,1985,0.066
Guatemala,1986,0.44
Guatemala,1987,0.44
Guatemala,1988,0.44
Guatemala,1989,0.44
Guatemala,1990,0.449
Guatemala,1991,0.512
Guatemala,1992,0.512
Guatemala,1993,0.512
Guatemala,1994,0.502
Guatemala,1995,0.485
Guatemala,1996,0.487
Guatemala,1997,0.506
Guatemala,1998,0.506
Guatemala,1999,0.511
Guatemala,2000,0.537
Guatemala,2001,0.537
Guatemala,2002,0.537
Guatemala,2003,0.542
Guatemala,2004,0.569
Guatemala,2005,0.569
Guatemala,2006,0.569
Guatemala,2007,0.589
Guatemala,2008,0.624
Guatemala,2009,0.624
Guatemala,2010,0.615
Guatemala,2011,0.613
Guatemala,2012,0.609
Guatemala,2013,0.604
Guatemala,2014,0.616
Guatemala,2015,0.639
Guatemala,2016,0.69
Guatemala,2017,0.687
Guatemala,2018,0.677
Guatemala,2019,0.659
Guatemala,2020,0.631
Guatemala,2021,0.609
Guatemala,2022,0.587
Guatemala,2023,0.602
Panama,1903,0
Panama,1904,0.27
Panama,1905,0.273
Panama,1906,0.243
Panama,1907,0.213
Panama,1908,0.218
Panama,1909,0.224
Panama,1910,0.23
Panama,1911,0.235
Panama,1912,0.226
Panama,1913,0.215
Panama,1914,0.23
Panama,1915,0.246
Panama,1916,0.247
Panama,1917,0.247
Panama,1918,0.243
Panama,1919,0.239
Panama,1920,0.248
Panama,1921,0.259
Panama,1922,0.259
Panama,1923,0.259
Panama,1924,0.258
Panama,1925,0.256
Panama,1926,0.256
Panama,1927,0.256
Panama,1928,0.317
Panama,1929,0.347
Panama,1930,0.336
Panama,1931,0.31
Panama,1932,0.263
Panama,1933,0.229
Panama,1934,0.229
Panama,1935,0.229
Panama,1936,0.284
Panama,1937,0.312
Panama,1938,0.312
Panama,1939,0.312
Panama,1940,0.301
Panama,1941,0.265
Panama,1942,0.265
Panama,1943,0.265
Panama,1944,0.265
Panama,1945,0.255
Panama,1946,0
Panama,1947,0
Panama,1948,0.101
Panama,1949,0.157
Panama,1950,0.157
Panama,1951,0.055
Panama,1952,0.177
Panama,1953,0.306
Panama,1954,0.306
Panama,1955,0.306
Panama,1956,0.304
Panama,1957,0.304
Panama,1958,0.304
Panama,1959,0.304
Panama,1960,0.342
Panama,1961,0.362
Panama,1962,0.362
Panama,1963,0.362
Panama,1964,0.201
Panama,1965,0.149
Panama,1966,0.149
Panama,1967,0.149
Panama,1968,0.09
Panama,1969,0
Panama,1970,0
Panama,1971,0
Panama,1972,0.033
Panama,1973,0.081
Panama,1974,0.081
Panama,1975,0.081
Panama,1976,0.081
Panama,1977,0.081
Panama,1978,0.101
Panama,1979,0.13
Panama,1980,0.114
Panama,1981,0.069
Panama,1982,0.069
Panama,1983,0.069
Panama,1984,0.05
Panama,1985,0.039
Panama,1986,0.039
Panama,1987,0.039
Panama,1988,0.039
Panama,1989,0.083
Panama,1990,0.338
Panama,1991,0.785
Panama,1992,0.82
Panama,1993,0.82
Panama,1994,0.823
Panama,1995,0.824
Panama,1996,0.824
Panama,1997,0.824
Panama,1998,0.824
Panama,1999,0.82
Panama,2000,0.818
Panama,2001,0.818
Panama,2002,0.818
Panama,2003,0.818
Panama,2004,0.824
Panama,2005,0.826
Panama,2006,0.826
Panama,2007,0.826
Panama,2008,0.826
Panama,2009,0.858
Panama,2010,0.875
Panama,2011,0.875
Panama,2012,0.875
Panama,2013,0.875
Panama,2014,0.859
Panama,2015,0.851
Panama,2016,0.851
Panama,2017,0.851
Panama,2018,0.851
Panama,2019,0.86
Panama,2020,0.87
Panama,2021,0.87
Panama,2022,0.87
Panama,2023,0.87
Uruguay,1825,0
Uruguay,1826,0
Uruguay,1827,0
Uruguay,1828,0
Uruguay,1829,0
Uruguay,1830,0
Uruguay,1831,0
Uruguay,1832,0
Uruguay,1833,0.026
Uruguay,1834,0.209
Uruguay,1835,0.209
Uruguay,1836,0.209
Uruguay,1837,0.211
Uruguay,1838,0.211
Uruguay,1839,0.19
Uruguay,1840,0.19
Uruguay,1841,0.163
Uruguay,1842,0.144
Uruguay,1843,0.143
Uruguay,1844,0.143
Uruguay,1845,0.143
Uruguay,1846,0.143
Uruguay,1847,0.143
Uruguay,1848,0.143
Uruguay,1849,0.143
Uruguay,1850,0.143
Uruguay,1851,0.154
Uruguay,1852,0.272
Uruguay,1853,0.272
Uruguay,1854,0.276
Uruguay,1855,0.277
Uruguay,1856,0.277
Uruguay,1857,0.275
Uruguay,1858,0.261
Uruguay,1859,0.261
Uruguay,1860,0.263
Uruguay,1861,0.279
Uruguay,1862,0.279
Uruguay,1863,0.279
Uruguay,1864,0.279
Uruguay,1865,0.279
Uruguay,1866,0.279
Uruguay,1867,0.283
Uruguay,1868,0.321
Uruguay,1869,0.321
Uruguay,1870,0.321
Uruguay,1871,0.321
Uruguay,1872,0.338
Uruguay,1873,0.483
Uruguay,1874,0.483
Uruguay,1875,0.483
Uruguay,1876,0.366
Uruguay,1877,0.348
Uruguay,1878,0.348
Uruguay,1879,0.344
Uruguay,1880,0.344
Uruguay,1881,0.344
Uruguay,1882,0.348
Uruguay,1883,0.348
Uruguay,1884,0.348
Uruguay,1885,0.342
Uruguay,1886,0.342
Uruguay,1887,0.342
Uruguay,1888,0.343
Uruguay,1889,0.343
Uruguay,1890,0.35
Uruguay,1891,0.424
Uruguay,1892,0.424
Uruguay,1893,0.425
Uruguay,1894,0.432
Uruguay,1895,0.432
Uruguay,1896,0.432
Uruguay,1897,0.428
Uruguay,1898,0.433
Uruguay,1899,0.474
Uruguay,1900,0.474
Uruguay,1901,0.475
Uruguay,1902,0.486
Uruguay,1903,0.486
Uruguay,1904,0.486
Uruguay,1905,0.367
Uruguay,1906,0.36
Uruguay,1907,0.347
Uruguay,1908,0.236
Uruguay,1909,0.236
Uruguay,1910,0.244
Uruguay,1911,0.324
Uruguay,1912,0.332
Uruguay,1913,0.327
Uruguay,1914,0.274
Uruguay,1915,0.296
Uruguay,1916,0.463
Uruguay,1917,0.736
Uruguay,1918,0.764
Uruguay,1919,0.764
Uruguay,1920,0.757
Uruguay,1921,0.665
Uruguay,1922,0.665
Uruguay,1923,0.669
Uruguay,1924,0.733
Uruguay,1925,0.805
Uruguay,1926,0.844
Uruguay,1927,0.844
Uruguay,1928,0.844
Uruguay,1929,0.838
Uruguay,1930,0.837
Uruguay,1931,0.829
Uruguay,1932,0.829
Uruguay,1933,0.409
Uruguay,1934,0.76
Uruguay,1935,0.762
Uruguay,1936,0.762
Uruguay,1937,0.762
Uruguay,1938,0.763
Uruguay,1939,0.764
Uruguay,1940,0.764
Uruguay,1941,0.764
Uruguay,1942,0.772
Uruguay,1943,0.861
Uruguay,1944,0.861
Uruguay,1945,0.861
Uruguay,1946,0.883
Uruguay,1947,0.912
Uruguay,1948,0.912
Uruguay,1949,0.912
Uruguay,1950,0.913
Uruguay,1951,0.916
Uruguay,1952,0.916
Uruguay,1953,0.916
Uruguay,1954,0.916
Uruguay,1955,0.912
Uruguay,1956,0.912
Uruguay,1957,0.912
Uruguay,1958,0.912
Uruguay,1959,0.911
Uruguay,1960,0.911
Uruguay,1961,0.911
Uruguay,1962,0.911
Uruguay,1963,0.905
Uruguay,1964,0.905
Uruguay,1965,0.905
Uruguay,1966,0.905
Uruguay,1967,0.906
Uruguay,1968,0.906
Uruguay,1969,0.906
Uruguay,1970,0.906
Uruguay,1971,0.882
Uruguay,1972,0.729
Uruguay,1973,0
Uruguay,1974,0
Uruguay,1975,0
Uruguay,1976,0
Uruguay,1977,0
Uruguay,1978,0
Uruguay,1979,0
Uruguay,1980,0
Uruguay,1981,0
Uruguay,1982,0
Uruguay,1983,0
Uruguay,1984,0.095
Uruguay,1985,0.953
Uruguay,1986,0.953
Uruguay,1987,0.953
Uruguay,1988,0.953
Uruguay,1989,0.953
Uruguay,1990,0.955
Uruguay,1991,0.955
Uruguay,1992,0.955
Uruguay,1993,0.955
Uruguay,1994,0.955
Uruguay,1995,0.958
Uruguay,1996,0.958
Uruguay,1997,0.958
Uruguay,1998,0.958
Uruguay,1999,0.958
Uruguay,2000,0.958
Uruguay,2001,0.958
Uruguay,2002,0.958
Uruguay,2003,0.958
Uruguay,2004,0.958
Uruguay,2005,0.957
Uruguay,2006,0.957
Uruguay,2007,0.957
Uruguay,2008,0.957
Uruguay,2009,0.96
Uruguay,2010,0.973
Uruguay,2011,0.973
Uruguay,2012,0.973
Uruguay,2013,0.973
Uruguay,2014,0.971
Uruguay,2015,0.964
Uruguay,2016,0.964
Uruguay,2017,0.965
Uruguay,2018,0.965
Uruguay,2019,0.967
Uruguay,2020,0.956
Uruguay,2021,0.956
Uruguay,2022,0.951
Uruguay,2023,0.955
Dominican Republic,1789,0
Dominican Republic,1790,0
Dominican Republic,1791,0
Dominican Republic,1792,0
Dominican Republic,1793,0
Dominican Republic,1794,0
Dominican Republic,1795,0
Dominican Republic,1796,0
Dominican Republic,1797,0
Dominican Republic,1798,0
Dominican Republic,1799,0
Dominican Republic,1800,0
Dominican Republic,1801,0
Dominican Republic,1802,0
Dominican Republic,1803,0
Dominican Republic,1804,0
Dominican Republic,1805,0
Dominican Republic,1806,0
Dominican Republic,1807,0
Dominican Republic,1808,0
Dominican Republic,1809,0
Dominican Republic,1810,0
Dominican Republic,1811,0
Dominican Republic,1812,0
Dominican Republic,1813,0
Dominican Republic,1814,0
Dominican Republic,1815,0
Dominican Republic,1816,0
Dominican Republic,1817,0
Dominican Republic,1818,0
Dominican Republic,1819,0
Dominican Republic,1820,0
Dominican Republic,1821,0
Dominican Republic,1822,0
Dominican Republic,1844,0.015
Dominican Republic,1845,0.045
Dominican Republic,1846,0.045
Dominican Republic,1847,0.045
Dominican Republic,1848,0.031
Dominican Republic,1849,0.022
Dominican Republic,1850,0.052
Dominican Republic,1851,0.052
Dominican Republic,1852,0.052
Dominican Republic,1853,0.046
Dominican Republic,1854,0.045
Dominican Republic,1855,0.045
Dominican Republic,1856,0.018
Dominican Republic,1857,0
Dominican Republic,1858,0.003
Dominican Republic,1859,0.032
Dominican Republic,1860,0
Dominican Republic,1861,0
Dominican Republic,1862,0
Dominican Republic,1863,0
Dominican Republic,1864,0
Dominican Republic,1865,0.077
Dominican Republic,1866,0.061
Dominican Republic,1867,0
Dominican Republic,1868,0
Dominican Republic,1869,0
Dominican Republic,1870,0
Dominican Republic,1871,0
Dominican Republic,1872,0
Dominican Republic,1873,0
Dominican Republic,1874,0.024
Dominican Republic,1875,0
Dominican Republic,1876,0.281
Dominican Republic,1877,0
Dominican Republic,1878,0.1
Dominican Republic,1879,0
Dominican Republic,1880,0.107
Dominican Republic,1881,0.2
Dominican Republic,1882,0.205
Dominican Republic,1883,0.21
Dominican Republic,1884,0.13
Dominican Republic,1885,0.048
Dominican Republic,1886,0.133
Dominican Republic,1887,0.133
Dominican Republic,1888,0.011
Dominican Republic,1889,0.067
Dominican Republic,1890,0.067
Dominican Republic,1891,0.067
Dominican Republic,1892,0.067
Dominican Republic,1893,0.067
Dominican Republic,1894,0.067
Dominican Republic,1895,0.067
Dominican Republic,1896,0.067
Dominican Republic,1897,0.066
Dominican Republic,1898,0.066
Dominican Republic,1899,0.074
Dominican Republic,1900,0.102
Dominican Republic,1901,0.102
Dominican Republic,1902,0.032
Dominican Republic,1903,0.006
Dominican Republic,1904,0
Dominican Republic,1905,NA
Dominican Republic,1906,0
Dominican Republic,1907,0
Dominican Republic,1908,0.06
Dominican Republic,1909,0
Dominican Republic,1910,0
Dominican Republic,1911,0
Dominican Republic,1912,0.053
Dominican Republic,1913,0.006
Dominican Republic,1914,0.134
Dominican Republic,1915,0.161
Dominican Republic,1916,0.045
Dominican Republic,1917,0
Dominican Republic,1918,0
Dominican Republic,1919,0
Dominican Republic,1920,0
Dominican Republic,1921,0
Dominican Republic,1922,0
Dominican Republic,1923,0
Dominican Republic,1924,0.196
Dominican Republic,1925,0.302
Dominican Republic,1926,0.302
Dominican Republic,1927,0.268
Dominican Republic,1928,0.245
Dominican Republic,1929,0.213
Dominican Republic,1930,0.099
Dominican Republic,1931,0.075
Dominican Republic,1932,0.075
Dominican Republic,1933,0.075
Dominican Republic,1934,0.055
Dominican Republic,1935,0.043
Dominican Republic,1936,0.043
Dominican Republic,1937,0.043
Dominican Republic,1938,0.039
Dominican Republic,1939,0.036
Dominican Republic,1940,0.036
Dominican Republic,1941,0.036
Dominican Republic,1942,0.042
Dominican Republic,1943,0.042
Dominican Republic,1944,0.042
Dominican Republic,1945,0.042
Dominican Republic,1946,0.042
Dominican Republic,1947,0.038
Dominican Republic,1948,0.038
Dominican Republic,1949,0.038
Dominican Republic,1950,0.038
Dominican Republic,1951,0.038
Dominican Republic,1952,0.042
Dominican Republic,1953,0.044
Dominican Republic,1954,0.044
Dominican Republic,1955,0.044
Dominican Republic,1956,0.042
Dominican Republic,1957,0.043
Dominican Republic,1958,0.044
Dominican Republic,1959,0.044
Dominican Republic,1960,0.054
Dominican Republic,1961,0.054
Dominican Republic,1962,0.021
Dominican Republic,1963,0.37
Dominican Republic,1964,0
Dominican Republic,1965,0
Dominican Republic,1966,0.077
Dominican Republic,1967,0.143
Dominican Republic,1968,0.143
Dominican Republic,1969,0.143
Dominican Republic,1970,0.171
Dominican Republic,1971,0.187
Dominican Republic,1972,0.187
Dominican Republic,1973,0.187
Dominican Republic,1974,0.181
Dominican Republic,1975,0.176
Dominican Republic,1976,0.176
Dominican Republic,1977,0.176
Dominican Republic,1978,0.29
Dominican Republic,1979,0.336
Dominican Republic,1980,0.336
Dominican Republic,1981,0.336
Dominican Republic,1982,0.411
Dominican Republic,1983,0.455
Dominican Republic,1984,0.455
Dominican Republic,1985,0.455
Dominican Republic,1986,0.464
Dominican Republic,1987,0.446
Dominican Republic,1988,0.446
Dominican Republic,1989,0.446
Dominican Republic,1990,0.32
Dominican Republic,1991,0.242
Dominican Republic,1992,0.242
Dominican Republic,1993,0.242
Dominican Republic,1994,0.259
Dominican Republic,1995,0.274
Dominican Republic,1996,0.477
Dominican Republic,1997,0.614
Dominican Republic,1998,0.652
Dominican Republic,1999,0.671
Dominican Republic,2000,0.688
Dominican Republic,2001,0.696
Dominican Republic,2002,0.691
Dominican Republic,2003,0.688
Dominican Republic,2004,0.67
Dominican Republic,2005,0.659
Dominican Republic,2006,0.641
Dominican Republic,2007,0.63
Dominican Republic,2008,0.629
Dominican Republic,2009,0.628
Dominican Republic,2010,0.612
Dominican Republic,2011,0.605
Dominican Republic,2012,0.586
Dominican Republic,2013,0.6
Dominican Republic,2014,0.6
Dominican Republic,2015,0.602
Dominican Republic,2016,0.547
Dominican Republic,2017,0.529
Dominican Republic,2018,0.528
Dominican Republic,2019,0.541
Dominican Republic,2020,0.58
Dominican Republic,2021,0.642
Dominican Republic,2022,0.642
Dominican Republic,2023,0.642
Cuba,1789,0
Cuba,1790,0
Cuba,1791,0
Cuba,1792,0
Cuba,1793,0
Cuba,1794,0
Cuba,1795,0
Cuba,1796,0
Cuba,1797,0
Cuba,1798,0
Cuba,1799,0
Cuba,1800,0
Cuba,1801,0
Cuba,1802,0
Cuba,1803,0
Cuba,1804,0
Cuba,1805,0
Cuba,1806,0
Cuba,1807,0
Cuba,1808,0
Cuba,1809,0
Cuba,1810,0
Cuba,1811,0
Cuba,1812,0
Cuba,1813,0
Cuba,1814,0
Cuba,1815,0
Cuba,1816,0
Cuba,1817,0
Cuba,1818,0
Cuba,1819,0
Cuba,1820,0
Cuba,1821,0
Cuba,1822,0
Cuba,1823,0
Cuba,1824,0
Cuba,1825,0
Cuba,1826,0
Cuba,1827,0
Cuba,1828,0
Cuba,1829,0
Cuba,1830,0
Cuba,1831,0
Cuba,1832,0
Cuba,1833,0
Cuba,1834,0
Cuba,1835,0
Cuba,1836,0
Cuba,1837,0
Cuba,1838,0
Cuba,1839,0
Cuba,1840,0
Cuba,1841,0
Cuba,1842,0
Cuba,1843,0
Cuba,1844,0
Cuba,1845,0
Cuba,1846,0
Cuba,1847,0
Cuba,1848,0
Cuba,1849,0
Cuba,1850,0
Cuba,1851,0
Cuba,1852,0
Cuba,1853,0
Cuba,1854,0
Cuba,1855,0
Cuba,1856,0
Cuba,1857,0
Cuba,1858,0
Cuba,1859,0
Cuba,1860,0
Cuba,1861,0
Cuba,1862,0
Cuba,1863,0
Cuba,1864,0
Cuba,1865,0
Cuba,1866,0.113
Cuba,1867,0
Cuba,1868,0
Cuba,1869,0
Cuba,1870,0
Cuba,1871,0
Cuba,1872,0
Cuba,1873,0
Cuba,1874,0
Cuba,1875,0
Cuba,1876,0
Cuba,1877,0
Cuba,1878,0
Cuba,1879,0
Cuba,1880,0
Cuba,1881,0
Cuba,1882,0
Cuba,1883,0
Cuba,1884,0
Cuba,1885,0
Cuba,1886,0
Cuba,1887,0
Cuba,1888,0
Cuba,1889,0
Cuba,1890,0
Cuba,1891,0
Cuba,1892,0
Cuba,1893,0
Cuba,1894,0
Cuba,1895,0
Cuba,1896,0
Cuba,1897,0
Cuba,1898,0
Cuba,1899,0
Cuba,1900,0.094
Cuba,1901,0.412
Cuba,1902,0.312
Cuba,1903,0.312
Cuba,1904,0.246
Cuba,1905,0.229
Cuba,1906,0.14
Cuba,1907,0
Cuba,1908,0.028
Cuba,1909,0.216
Cuba,1910,0.217
Cuba,1911,0.224
Cuba,1912,0.22
Cuba,1913,0.198
Cuba,1914,0.204
Cuba,1915,0.233
Cuba,1916,0.225
Cuba,1917,0.186
Cuba,1918,0.192
Cuba,1919,0.225
Cuba,1920,0.226
Cuba,1921,0.23
Cuba,1922,0.224
Cuba,1923,0.195
Cuba,1924,0.194
Cuba,1925,0.192
Cuba,1926,0.152
Cuba,1927,0.141
Cuba,1928,0.133
Cuba,1929,0.131
Cuba,1930,0.129
Cuba,1931,0.118
Cuba,1932,0.117
Cuba,1933,0.082
Cuba,1934,0
Cuba,1935,0
Cuba,1936,0.152
Cuba,1937,0.156
Cuba,1938,0.155
Cuba,1939,0.155
Cuba,1940,0.215
Cuba,1941,0.311
Cuba,1942,0.296
Cuba,1943,0.292
Cuba,1944,0.289
Cuba,1945,0.288
Cuba,1946,0.291
Cuba,1947,0.293
Cuba,1948,0.295
Cuba,1949,0.297
Cuba,1950,0.279
Cuba,1951,0.266
Cuba,1952,0.046
Cuba,1953,0
Cuba,1954,0.011
Cuba,1955,0.067
Cuba,1956,0.067
Cuba,1957,0.066
Cuba,1958,0.065
Cuba,1959,0
Cuba,1960,0
Cuba,1961,0
Cuba,1962,0
Cuba,1963,0
Cuba,1964,0
Cuba,1965,0
Cuba,1966,0
Cuba,1967,0
Cuba,1968,0
Cuba,1969,0
Cuba,1970,0
Cuba,1971,0
Cuba,1972,0
Cuba,1973,0
Cuba,1974,0
Cuba,1975,0
Cuba,1976,0
Cuba,1977,0
Cuba,1978,0
Cuba,1979,0
Cuba,1980,0
Cuba,1981,0
Cuba,1982,0
Cuba,1983,0
Cuba,1984,0
Cuba,1985,0
Cuba,1986,0
Cuba,1987,0
Cuba,1988,0
Cuba,1989,0
Cuba,1990,0
Cuba,1991,0
Cuba,1992,0
Cuba,1993,0.246
Cuba,1994,0.289
Cuba,1995,0.289
Cuba,1996,0.289
Cuba,1997,0.289
Cuba,1998,0.329
Cuba,1999,0.33
Cuba,2000,0.33
Cuba,2001,0.33
Cuba,2002,0.33
Cuba,2003,0.322
Cuba,2004,0.321
Cuba,2005,0.321
Cuba,2006,0.321
Cuba,2007,0.321
Cuba,2008,0.257
Cuba,2009,0.254
Cuba,2010,0.254
Cuba,2011,0.254
Cuba,2012,0.254
Cuba,2013,0.273
Cuba,2014,0.275
Cuba,2015,0.275
Cuba,2016,0.275
Cuba,2017,0.275
Cuba,2018,0.297
Cuba,2019,0.3
Cuba,2020,0.3
Cuba,2021,0.3
Cuba,2022,0.3
Cuba,2023,0.298
Paraguay,1811,0
Paraguay,1812,0
Paraguay,1813,0
Paraguay,1814,0
Paraguay,1815,0
Paraguay,1816,0
Paraguay,1817,0
Paraguay,1818,0
Paraguay,1819,0
Paraguay,1820,0
Paraguay,1821,0
Paraguay,1822,0
Paraguay,1823,0
Paraguay,1824,0
Paraguay,1825,0
Paraguay,1826,0
Paraguay,1827,0
Paraguay,1828,0
Paraguay,1829,0
Paraguay,1830,0
Paraguay,1831,0
Paraguay,1832,0
Paraguay,1833,0
Paraguay,1834,0
Paraguay,1835,0
Paraguay,1836,0
Paraguay,1837,0
Paraguay,1838,0
Paraguay,1839,0
Paraguay,1840,0
Paraguay,1841,0.014
Paraguay,1842,0
Paraguay,1843,0
Paraguay,1844,0
Paraguay,1845,0
Paraguay,1846,0
Paraguay,1847,0
Paraguay,1848,0
Paraguay,1849,0
Paraguay,1850,0
Paraguay,1851,0
Paraguay,1852,0
Paraguay,1853,0
Paraguay,1854,0
Paraguay,1855,0
Paraguay,1856,0
Paraguay,1857,0
Paraguay,1858,0
Paraguay,1859,0
Paraguay,1860,0
Paraguay,1861,0
Paraguay,1862,0
Paraguay,1863,0
Paraguay,1864,0
Paraguay,1865,0
Paraguay,1866,0
Paraguay,1867,0
Paraguay,1868,0
Paraguay,1869,0
Paraguay,1870,0.013
Paraguay,1871,0.05
Paraguay,1872,0.05
Paraguay,1873,0.05
Paraguay,1874,0.044
Paraguay,1875,0.044
Paraguay,1876,0.044
Paraguay,1877,0.044
Paraguay,1878,0.05
Paraguay,1879,0.05
Paraguay,1880,0.032
Paraguay,1881,0
Paraguay,1882,0
Paraguay,1883,0.049
Paraguay,1884,0.049
Paraguay,1885,0.049
Paraguay,1886,0.048
Paraguay,1887,0.048
Paraguay,1888,0.048
Paraguay,1889,0.048
Paraguay,1890,0.052
Paraguay,1891,0.053
Paraguay,1892,0.053
Paraguay,1893,0.052
Paraguay,1894,0.021
Paraguay,1895,0.062
Paraguay,1896,0.049
Paraguay,1897,0.049
Paraguay,1898,0.07
Paraguay,1899,0.07
Paraguay,1900,0.07
Paraguay,1901,0.07
Paraguay,1902,0.07
Paraguay,1903,0.07
Paraguay,1904,0.07
Paraguay,1905,0.07
Paraguay,1906,0.07
Paraguay,1907,0.07
Paraguay,1908,0.07
Paraguay,1909,0.07
Paraguay,1910,0.07
Paraguay,1911,0.003
Paraguay,1912,0
Paraguay,1913,0.07
Paraguay,1914,0.07
Paraguay,1915,0.07
Paraguay,1916,0.07
Paraguay,1917,0.07
Paraguay,1918,0.07
Paraguay,1919,0.07
Paraguay,1920,0.07
Paraguay,1921,0.07
Paraguay,1922,0.07
Paraguay,1923,0.07
Paraguay,1924,0.07
Paraguay,1925,0.07
Paraguay,1926,0.07
Paraguay,1927,0.07
Paraguay,1928,0.07
Paraguay,1929,0.07
Paraguay,1930,0.07
Paraguay,1931,0.07
Paraguay,1932,0.07
Paraguay,1933,0.07
Paraguay,1934,0.07
Paraguay,1935,0.07
Paraguay,1936,0.009
Paraguay,1937,0
Paraguay,1938,0.07
Paraguay,1939,0.07
Paraguay,1940,0.009
Paraguay,1941,0
Paraguay,1942,0
Paraguay,1943,0.045
Paraguay,1944,0.052
Paraguay,1945,0.052
Paraguay,1946,0.052
Paraguay,1947,0.052
Paraguay,1948,0.053
Paraguay,1949,0.054
Paraguay,1950,0.054
Paraguay,1951,0.054
Paraguay,1952,0.054
Paraguay,1953,0.046
Paraguay,1954,0.043
Paraguay,1955,0.041
Paraguay,1956,0.041
Paraguay,1957,0.041
Paraguay,1958,0.04
Paraguay,1959,0.016
Paraguay,1960,0.033
Paraguay,1961,0.041
Paraguay,1962,0.041
Paraguay,1963,0.041
Paraguay,1964,0.041
Paraguay,1965,0.041
Paraguay,1966,0.041
Paraguay,1967,0.041
Paraguay,1968,0.04
Paraguay,1969,0.04
Paraguay,1970,0.04
Paraguay,1971,0.04
Paraguay,1972,0.04
Paraguay,1973,0.04
Paraguay,1974,0.04
Paraguay,1975,0.04
Paraguay,1976,0.04
Paraguay,1977,0.041
Paraguay,1978,0.04
Paraguay,1979,0.04
Paraguay,1980,0.04
Paraguay,1981,0.04
Paraguay,1982,0.04
Paraguay,1983,0.048
Paraguay,1984,0.049
Paraguay,1985,0.049
Paraguay,1986,0.049
Paraguay,1987,0.049
Paraguay,1988,0.054
Paraguay,1989,0.131
Paraguay,1990,0.274
Paraguay,1991,0.314
Paraguay,1992,0.432
Paraguay,1993,0.501
Paraguay,1994,0.503
Paraguay,1995,0.503
Paraguay,1996,0.515
Paraguay,1997,0.529
Paraguay,1998,0.553
Paraguay,1999,0.566
Paraguay,2000,0.566
Paraguay,2001,0.566
Paraguay,2002,0.566
Paraguay,2003,0.618
Paraguay,2004,0.638
Paraguay,2005,0.638
Paraguay,2006,0.638
Paraguay,2007,0.638
Paraguay,2008,0.64
Paraguay,2009,0.639
Paraguay,2010,0.648
Paraguay,2011,0.641
Paraguay,2012,0.631
Paraguay,2013,0.655
Paraguay,2014,0.662
Paraguay,2015,0.651
Paraguay,2016,0.651
Paraguay,2017,0.651
Paraguay,2018,0.635
Paraguay,2019,0.633
Paraguay,2020,0.633
Paraguay,2021,0.633
Paraguay,2022,0.633
Paraguay,2023,0.631
